Top Seller ID,Top Seller Title,Clearance Product ID,Clearance Title,Brand
9-4896001659 - Kiko Milano Lip Volume Tutu Rose,Kiko Milano Lip Volume Tutu Rose,9-4896000007 - Kiko Milano Eyes 62 Slanted Eyeliner Brush,Kiko Milano Eyes 62 Slanted Eyeliner Brush,KIKO MILANO
9-4896001659 - Kiko Milano Lip Volume Tutu Rose,Kiko Milano Lip Volume Tutu Rose,9-4896000226 - Kiko Milano New Unmeasurable Length Waterproof Mascara 12 ml,Kiko Milano New Unmeasurable Length Waterproof Mascara 12 ml,KIKO MILANO
9-4896001659 - Kiko Milano Lip Volume Tutu Rose,Kiko Milano Lip Volume Tutu Rose,9-4896000690 - Kiko Milano Triangular Foundation Sponges,Kiko Milano Triangular Foundation Sponges,KIKO MILANO
9-4896001185 - Kiko Milano Unforgettable Volume & Curl Mascara 11 ml,Kiko Milano Unforgettable Volume & Curl Mascara 11 ml,9-4896000007 - Kiko Milano Eyes 62 Slanted Eyeliner Brush,Kiko Milano Eyes 62 Slanted Eyeliner Brush,KIKO MILANO
9-4896001185 - Kiko Milano Unforgettable Volume & Curl Mascara 11 ml,Kiko Milano Unforgettable Volume & Curl Mascara 11 ml,9-4896000226 - Kiko Milano New Unmeasurable Length Waterproof Mascara 12 ml,Kiko Milano New Unmeasurable Length Waterproof Mascara 12 ml,KIKO MILANO
9-4896001185 - Kiko Milano Unforgettable Volume & Curl Mascara 11 ml,Kiko Milano Unforgettable Volume & Curl Mascara 11 ml,9-4896000690 - Kiko Milano Triangular Foundation Sponges,Kiko Milano Triangular Foundation Sponges,KIKO MILANO
9-4896000585 - Kiko Milano Ultra Tech + Volume And Curl Mascara 12 ml,Kiko Milano Ultra Tech + Volume And Curl Mascara 12 ml,9-4896000007 - Kiko Milano Eyes 62 Slanted Eyeliner Brush,Kiko Milano Eyes 62 Slanted Eyeliner Brush,KIKO MILANO
9-4896000585 - Kiko Milano Ultra Tech + Volume And Curl Mascara 12 ml,Kiko Milano Ultra Tech + Volume And Curl Mascara 12 ml,9-4896000226 - Kiko Milano New Unmeasurable Length Waterproof Mascara 12 ml,Kiko Milano New Unmeasurable Length Waterproof Mascara 12 ml,KIKO MILANO
9-4896000585 - Kiko Milano Ultra Tech + Volume And Curl Mascara 12 ml,Kiko Milano Ultra Tech + Volume And Curl Mascara 12 ml,9-4896000690 - Kiko Milano Triangular Foundation Sponges,Kiko Milano Triangular Foundation Sponges,KIKO MILANO
9-4896001384 - Kiko Milano Unlimited Double Touch 103 Natural Rose,Kiko Milano Unlimited Double Touch 103 Natural Rose,9-4896000007 - Kiko Milano Eyes 62 Slanted Eyeliner Brush,Kiko Milano Eyes 62 Slanted Eyeliner Brush,KIKO MILANO
9-4896001384 - Kiko Milano Unlimited Double Touch 103 Natural Rose,Kiko Milano Unlimited Double Touch 103 Natural Rose,9-4896000226 - Kiko Milano New Unmeasurable Length Waterproof Mascara 12 ml,Kiko Milano New Unmeasurable Length Waterproof Mascara 12 ml,KIKO MILANO
9-4896001384 - Kiko Milano Unlimited Double Touch 103 Natural Rose,Kiko Milano Unlimited Double Touch 103 Natural Rose,9-4896000690 - Kiko Milano Triangular Foundation Sponges,Kiko Milano Triangular Foundation Sponges,KIKO MILANO
9-4896000575 - Kiko Milano Standout Volume Buildable Mascara 11.5 ml,Kiko Milano Standout Volume Buildable Mascara 11.5 ml,9-4896000007 - Kiko Milano Eyes 62 Slanted Eyeliner Brush,Kiko Milano Eyes 62 Slanted Eyeliner Brush,KIKO MILANO
9-4896000575 - Kiko Milano Standout Volume Buildable Mascara 11.5 ml,Kiko Milano Standout Volume Buildable Mascara 11.5 ml,9-4896000226 - Kiko Milano New Unmeasurable Length Waterproof Mascara 12 ml,Kiko Milano New Unmeasurable Length Waterproof Mascara 12 ml,KIKO MILANO
9-4896000575 - Kiko Milano Standout Volume Buildable Mascara 11.5 ml,Kiko Milano Standout Volume Buildable Mascara 11.5 ml,9-4896000690 - Kiko Milano Triangular Foundation Sponges,Kiko Milano Triangular Foundation Sponges,KIKO MILANO
9-4896000227 - Kiko Milano New Unmeasurable Length Mascara 11 ml,Kiko Milano New Unmeasurable Length Mascara 11 ml,9-4896000007 - Kiko Milano Eyes 62 Slanted Eyeliner Brush,Kiko Milano Eyes 62 Slanted Eyeliner Brush,KIKO MILANO
9-4896000227 - Kiko Milano New Unmeasurable Length Mascara 11 ml,Kiko Milano New Unmeasurable Length Mascara 11 ml,9-4896000226 - Kiko Milano New Unmeasurable Length Waterproof Mascara 12 ml,Kiko Milano New Unmeasurable Length Waterproof Mascara 12 ml,KIKO MILANO
9-4896000227 - Kiko Milano New Unmeasurable Length Mascara 11 ml,Kiko Milano New Unmeasurable Length Mascara 11 ml,9-4896000690 - Kiko Milano Triangular Foundation Sponges,Kiko Milano Triangular Foundation Sponges,KIKO MILANO
9-4896001468 - Kiko Milano 3D Hydra Lipgloss 06 Candy Rose,Kiko Milano 3D Hydra Lipgloss 06 Candy Rose,9-4896000007 - Kiko Milano Eyes 62 Slanted Eyeliner Brush,Kiko Milano Eyes 62 Slanted Eyeliner Brush,KIKO MILANO
9-4896001468 - Kiko Milano 3D Hydra Lipgloss 06 Candy Rose,Kiko Milano 3D Hydra Lipgloss 06 Candy Rose,9-4896000226 - Kiko Milano New Unmeasurable Length Waterproof Mascara 12 ml,Kiko Milano New Unmeasurable Length Waterproof Mascara 12 ml,KIKO MILANO
9-4896001468 - Kiko Milano 3D Hydra Lipgloss 06 Candy Rose,Kiko Milano 3D Hydra Lipgloss 06 Candy Rose,9-4896000690 - Kiko Milano Triangular Foundation Sponges,Kiko Milano Triangular Foundation Sponges,KIKO MILANO
1084783 - Shiseido UV Protective Compact Foundation SPF30 12 gr Medium Beige,Shiseido UV Protective Compact Foundation SPF30 12 gr Medium Beige,1083822 - Shiseido Expert Sun Protector Cream SPF30 50 ml,Shiseido Expert Sun Protector Cream SPF30 50 ml,SHISEIDO
9-4896002368 - Kiko Milano Long Lasting Colour Lip Marker 106 Apple Red,Kiko Milano Long Lasting Colour Lip Marker 106 Apple Red,9-4896000007 - Kiko Milano Eyes 62 Slanted Eyeliner Brush,Kiko Milano Eyes 62 Slanted Eyeliner Brush,KIKO MILANO
9-4896002368 - Kiko Milano Long Lasting Colour Lip Marker 106 Apple Red,Kiko Milano Long Lasting Colour Lip Marker 106 Apple Red,9-4896000226 - Kiko Milano New Unmeasurable Length Waterproof Mascara 12 ml,Kiko Milano New Unmeasurable Length Waterproof Mascara 12 ml,KIKO MILANO
9-4896002368 - Kiko Milano Long Lasting Colour Lip Marker 106 Apple Red,Kiko Milano Long Lasting Colour Lip Marker 106 Apple Red,9-4896000690 - Kiko Milano Triangular Foundation Sponges,Kiko Milano Triangular Foundation Sponges,KIKO MILANO
9-4896004162 - Kiko Milano Sculpting Touch Creamy Stick Contour 200 Hazelnut,Kiko Milano Sculpting Touch Creamy Stick Contour 200 Hazelnut,9-4896000007 - Kiko Milano Eyes 62 Slanted Eyeliner Brush,Kiko Milano Eyes 62 Slanted Eyeliner Brush,KIKO MILANO
9-4896004162 - Kiko Milano Sculpting Touch Creamy Stick Contour 200 Hazelnut,Kiko Milano Sculpting Touch Creamy Stick Contour 200 Hazelnut,9-4896000226 - Kiko Milano New Unmeasurable Length Waterproof Mascara 12 ml,Kiko Milano New Unmeasurable Length Waterproof Mascara 12 ml,KIKO MILANO
9-4896004162 - Kiko Milano Sculpting Touch Creamy Stick Contour 200 Hazelnut,Kiko Milano Sculpting Touch Creamy Stick Contour 200 Hazelnut,9-4896000690 - Kiko Milano Triangular Foundation Sponges,Kiko Milano Triangular Foundation Sponges,KIKO MILANO
"9-4896003858 - Kiko Milano Create Your Balance Nourishing Lip Balm 3,5 g","Kiko Milano Create Your Balance Nourishing Lip Balm 3,5 g",9-4896000007 - Kiko Milano Eyes 62 Slanted Eyeliner Brush,Kiko Milano Eyes 62 Slanted Eyeliner Brush,KIKO MILANO
"9-4896003858 - Kiko Milano Create Your Balance Nourishing Lip Balm 3,5 g","Kiko Milano Create Your Balance Nourishing Lip Balm 3,5 g",9-4896000226 - Kiko Milano New Unmeasurable Length Waterproof Mascara 12 ml,Kiko Milano New Unmeasurable Length Waterproof Mascara 12 ml,KIKO MILANO
"9-4896003858 - Kiko Milano Create Your Balance Nourishing Lip Balm 3,5 g","Kiko Milano Create Your Balance Nourishing Lip Balm 3,5 g",9-4896000690 - Kiko Milano Triangular Foundation Sponges,Kiko Milano Triangular Foundation Sponges,KIKO MILANO
9-4896001480 - Kiko Milano 3D Hydra Lipgloss 19 Cream Cashmere,Kiko Milano 3D Hydra Lipgloss 19 Cream Cashmere,9-4896000007 - Kiko Milano Eyes 62 Slanted Eyeliner Brush,Kiko Milano Eyes 62 Slanted Eyeliner Brush,KIKO MILANO
9-4896001480 - Kiko Milano 3D Hydra Lipgloss 19 Cream Cashmere,Kiko Milano 3D Hydra Lipgloss 19 Cream Cashmere,9-4896000226 - Kiko Milano New Unmeasurable Length Waterproof Mascara 12 ml,Kiko Milano New Unmeasurable Length Waterproof Mascara 12 ml,KIKO MILANO
9-4896001480 - Kiko Milano 3D Hydra Lipgloss 19 Cream Cashmere,Kiko Milano 3D Hydra Lipgloss 19 Cream Cashmere,9-4896000690 - Kiko Milano Triangular Foundation Sponges,Kiko Milano Triangular Foundation Sponges,KIKO MILANO
9-4896004191 - Kiko Milano Smart Blush 06 Mauve,Kiko Milano Smart Blush 06 Mauve,9-4896000007 - Kiko Milano Eyes 62 Slanted Eyeliner Brush,Kiko Milano Eyes 62 Slanted Eyeliner Brush,KIKO MILANO
9-4896004191 - Kiko Milano Smart Blush 06 Mauve,Kiko Milano Smart Blush 06 Mauve,9-4896000226 - Kiko Milano New Unmeasurable Length Waterproof Mascara 12 ml,Kiko Milano New Unmeasurable Length Waterproof Mascara 12 ml,KIKO MILANO
9-4896004191 - Kiko Milano Smart Blush 06 Mauve,Kiko Milano Smart Blush 06 Mauve,9-4896000690 - Kiko Milano Triangular Foundation Sponges,Kiko Milano Triangular Foundation Sponges,KIKO MILANO
1057230 - Yves Rocher Monoi De Tahiti Eau De Toilette 100 ml,Yves Rocher Monoi De Tahiti Eau De Toilette 100 ml,1082493 - Yves Rocher 48h Non-Stop Moisturizing Gel Cream 50 ml,Yves Rocher 48h Non-Stop Moisturizing Gel Cream 50 ml,YVES ROCHER
1057230 - Yves Rocher Monoi De Tahiti Eau De Toilette 100 ml,Yves Rocher Monoi De Tahiti Eau De Toilette 100 ml,1083631 - Yves Rocher Mango & Coriander  Foaming Hand Soap 190 ml,Yves Rocher Mango & Coriander  Foaming Hand Soap 190 ml,YVES ROCHER
1058844 - Clarins Double Serum Eye 20 ml,Clarins Double Serum Eye 20 ml,1085044 - Clarins Invisible Sun Care Stick Very High Protection SPF50 17 gr,Clarins Invisible Sun Care Stick Very High Protection SPF50 17 gr,CLARINS
9-4896001470 - Kiko Milano 3D Hydra Lipgloss 08 Natural Rosewood,Kiko Milano 3D Hydra Lipgloss 08 Natural Rosewood,9-4896000007 - Kiko Milano Eyes 62 Slanted Eyeliner Brush,Kiko Milano Eyes 62 Slanted Eyeliner Brush,KIKO MILANO
9-4896001470 - Kiko Milano 3D Hydra Lipgloss 08 Natural Rosewood,Kiko Milano 3D Hydra Lipgloss 08 Natural Rosewood,9-4896000226 - Kiko Milano New Unmeasurable Length Waterproof Mascara 12 ml,Kiko Milano New Unmeasurable Length Waterproof Mascara 12 ml,KIKO MILANO
9-4896001470 - Kiko Milano 3D Hydra Lipgloss 08 Natural Rosewood,Kiko Milano 3D Hydra Lipgloss 08 Natural Rosewood,9-4896000690 - Kiko Milano Triangular Foundation Sponges,Kiko Milano Triangular Foundation Sponges,KIKO MILANO
9-4896002401 - Kiko Milano Eyebrow Expert Palette 01 Blonde,Kiko Milano Eyebrow Expert Palette 01 Blonde,9-4896000007 - Kiko Milano Eyes 62 Slanted Eyeliner Brush,Kiko Milano Eyes 62 Slanted Eyeliner Brush,KIKO MILANO
9-4896002401 - Kiko Milano Eyebrow Expert Palette 01 Blonde,Kiko Milano Eyebrow Expert Palette 01 Blonde,9-4896000226 - Kiko Milano New Unmeasurable Length Waterproof Mascara 12 ml,Kiko Milano New Unmeasurable Length Waterproof Mascara 12 ml,KIKO MILANO
9-4896002401 - Kiko Milano Eyebrow Expert Palette 01 Blonde,Kiko Milano Eyebrow Expert Palette 01 Blonde,9-4896000690 - Kiko Milano Triangular Foundation Sponges,Kiko Milano Triangular Foundation Sponges,KIKO MILANO
9-2077004263 - Estée Lauder Revitalizing Supreme+ Night Power Bounce Crème 50 ml,Estée Lauder Revitalizing Supreme+ Night Power Bounce Crème 50 ml,9-2077003436 - Estée Lauder Beautiful Belle Eau de Parfum Spray 50ml,Estée Lauder Beautiful Belle Eau de Parfum Spray 50ml,ESTEE LAUDER
9-4896004119 - Kiko Milano 3D Hydra Lipgloss - Limited Edition 44 Disruptive Brown,Kiko Milano 3D Hydra Lipgloss - Limited Edition 44 Disruptive Brown,9-4896000007 - Kiko Milano Eyes 62 Slanted Eyeliner Brush,Kiko Milano Eyes 62 Slanted Eyeliner Brush,KIKO MILANO
9-4896004119 - Kiko Milano 3D Hydra Lipgloss - Limited Edition 44 Disruptive Brown,Kiko Milano 3D Hydra Lipgloss - Limited Edition 44 Disruptive Brown,9-4896000226 - Kiko Milano New Unmeasurable Length Waterproof Mascara 12 ml,Kiko Milano New Unmeasurable Length Waterproof Mascara 12 ml,KIKO MILANO
9-4896004119 - Kiko Milano 3D Hydra Lipgloss - Limited Edition 44 Disruptive Brown,Kiko Milano 3D Hydra Lipgloss - Limited Edition 44 Disruptive Brown,9-4896000690 - Kiko Milano Triangular Foundation Sponges,Kiko Milano Triangular Foundation Sponges,KIKO MILANO
9-4896003918 - Kiko Milano Sculpting Touch Creamy Stick Contour 201 Chocolate,Kiko Milano Sculpting Touch Creamy Stick Contour 201 Chocolate,9-4896000007 - Kiko Milano Eyes 62 Slanted Eyeliner Brush,Kiko Milano Eyes 62 Slanted Eyeliner Brush,KIKO MILANO
9-4896003918 - Kiko Milano Sculpting Touch Creamy Stick Contour 201 Chocolate,Kiko Milano Sculpting Touch Creamy Stick Contour 201 Chocolate,9-4896000226 - Kiko Milano New Unmeasurable Length Waterproof Mascara 12 ml,Kiko Milano New Unmeasurable Length Waterproof Mascara 12 ml,KIKO MILANO
9-4896003918 - Kiko Milano Sculpting Touch Creamy Stick Contour 201 Chocolate,Kiko Milano Sculpting Touch Creamy Stick Contour 201 Chocolate,9-4896000690 - Kiko Milano Triangular Foundation Sponges,Kiko Milano Triangular Foundation Sponges,KIKO MILANO
9-4896004138 - Kiko Milano New Maxi Mod Mascara 12 ml,Kiko Milano New Maxi Mod Mascara 12 ml,9-4896000007 - Kiko Milano Eyes 62 Slanted Eyeliner Brush,Kiko Milano Eyes 62 Slanted Eyeliner Brush,KIKO MILANO
9-4896004138 - Kiko Milano New Maxi Mod Mascara 12 ml,Kiko Milano New Maxi Mod Mascara 12 ml,9-4896000226 - Kiko Milano New Unmeasurable Length Waterproof Mascara 12 ml,Kiko Milano New Unmeasurable Length Waterproof Mascara 12 ml,KIKO MILANO
9-4896004138 - Kiko Milano New Maxi Mod Mascara 12 ml,Kiko Milano New Maxi Mod Mascara 12 ml,9-4896000690 - Kiko Milano Triangular Foundation Sponges,Kiko Milano Triangular Foundation Sponges,KIKO MILANO
1084042 - Clarins Gentle Care Roll-On Deodorant 50 ml,Clarins Gentle Care Roll-On Deodorant 50 ml,1085044 - Clarins Invisible Sun Care Stick Very High Protection SPF50 17 gr,Clarins Invisible Sun Care Stick Very High Protection SPF50 17 gr,CLARINS
9-4896001399 - Kiko Milano Unlimited Double Touch 120 Rosy Mauve,Kiko Milano Unlimited Double Touch 120 Rosy Mauve,9-4896000007 - Kiko Milano Eyes 62 Slanted Eyeliner Brush,Kiko Milano Eyes 62 Slanted Eyeliner Brush,KIKO MILANO
9-4896001399 - Kiko Milano Unlimited Double Touch 120 Rosy Mauve,Kiko Milano Unlimited Double Touch 120 Rosy Mauve,9-4896000226 - Kiko Milano New Unmeasurable Length Waterproof Mascara 12 ml,Kiko Milano New Unmeasurable Length Waterproof Mascara 12 ml,KIKO MILANO
9-4896001399 - Kiko Milano Unlimited Double Touch 120 Rosy Mauve,Kiko Milano Unlimited Double Touch 120 Rosy Mauve,9-4896000690 - Kiko Milano Triangular Foundation Sponges,Kiko Milano Triangular Foundation Sponges,KIKO MILANO
1081043 - Clarins Body-Smoothing Moisture Milk 400 ml,Clarins Body-Smoothing Moisture Milk 400 ml,1085044 - Clarins Invisible Sun Care Stick Very High Protection SPF50 17 gr,Clarins Invisible Sun Care Stick Very High Protection SPF50 17 gr,CLARINS
9-4896000569 - Kiko Milano Extra Sculpt Volume Mascara 11 ml,Kiko Milano Extra Sculpt Volume Mascara 11 ml,9-4896000007 - Kiko Milano Eyes 62 Slanted Eyeliner Brush,Kiko Milano Eyes 62 Slanted Eyeliner Brush,KIKO MILANO
9-4896000569 - Kiko Milano Extra Sculpt Volume Mascara 11 ml,Kiko Milano Extra Sculpt Volume Mascara 11 ml,9-4896000226 - Kiko Milano New Unmeasurable Length Waterproof Mascara 12 ml,Kiko Milano New Unmeasurable Length Waterproof Mascara 12 ml,KIKO MILANO
9-4896000569 - Kiko Milano Extra Sculpt Volume Mascara 11 ml,Kiko Milano Extra Sculpt Volume Mascara 11 ml,9-4896000690 - Kiko Milano Triangular Foundation Sponges,Kiko Milano Triangular Foundation Sponges,KIKO MILANO
9-4896003447 - Kiko Milano Hydra Pro Glow ,Kiko Milano Hydra Pro Glow ,9-4896000007 - Kiko Milano Eyes 62 Slanted Eyeliner Brush,Kiko Milano Eyes 62 Slanted Eyeliner Brush,KIKO MILANO
9-4896003447 - Kiko Milano Hydra Pro Glow ,Kiko Milano Hydra Pro Glow ,9-4896000226 - Kiko Milano New Unmeasurable Length Waterproof Mascara 12 ml,Kiko Milano New Unmeasurable Length Waterproof Mascara 12 ml,KIKO MILANO
9-4896003447 - Kiko Milano Hydra Pro Glow ,Kiko Milano Hydra Pro Glow ,9-4896000690 - Kiko Milano Triangular Foundation Sponges,Kiko Milano Triangular Foundation Sponges,KIKO MILANO
9-4896004084 - Kiko Milano Crazy '90S Unicorn Body Cream,Kiko Milano Crazy '90S Unicorn Body Cream,9-4896000007 - Kiko Milano Eyes 62 Slanted Eyeliner Brush,Kiko Milano Eyes 62 Slanted Eyeliner Brush,KIKO MILANO
9-4896004084 - Kiko Milano Crazy '90S Unicorn Body Cream,Kiko Milano Crazy '90S Unicorn Body Cream,9-4896000226 - Kiko Milano New Unmeasurable Length Waterproof Mascara 12 ml,Kiko Milano New Unmeasurable Length Waterproof Mascara 12 ml,KIKO MILANO
9-4896004084 - Kiko Milano Crazy '90S Unicorn Body Cream,Kiko Milano Crazy '90S Unicorn Body Cream,9-4896000690 - Kiko Milano Triangular Foundation Sponges,Kiko Milano Triangular Foundation Sponges,KIKO MILANO
9-2077003687 - Estée Lauder Advanced Night Repair Synchronized Multi-Recovery Complex 50ml,Estée Lauder Advanced Night Repair Synchronized Multi-Recovery Complex 50ml,9-2077003436 - Estée Lauder Beautiful Belle Eau de Parfum Spray 50ml,Estée Lauder Beautiful Belle Eau de Parfum Spray 50ml,ESTEE LAUDER
9-4896000315 - Kiko Milano New 30 Days Extension - Night Treatment Booster Mascara 8 ml,Kiko Milano New 30 Days Extension - Night Treatment Booster Mascara 8 ml,9-4896000007 - Kiko Milano Eyes 62 Slanted Eyeliner Brush,Kiko Milano Eyes 62 Slanted Eyeliner Brush,KIKO MILANO
9-4896000315 - Kiko Milano New 30 Days Extension - Night Treatment Booster Mascara 8 ml,Kiko Milano New 30 Days Extension - Night Treatment Booster Mascara 8 ml,9-4896000226 - Kiko Milano New Unmeasurable Length Waterproof Mascara 12 ml,Kiko Milano New Unmeasurable Length Waterproof Mascara 12 ml,KIKO MILANO
9-4896000315 - Kiko Milano New 30 Days Extension - Night Treatment Booster Mascara 8 ml,Kiko Milano New 30 Days Extension - Night Treatment Booster Mascara 8 ml,9-4896000690 - Kiko Milano Triangular Foundation Sponges,Kiko Milano Triangular Foundation Sponges,KIKO MILANO
9-4896001255 - Kiko Milano Maxi Mod Waterproof Mascara 12 ml,Kiko Milano Maxi Mod Waterproof Mascara 12 ml,9-4896000007 - Kiko Milano Eyes 62 Slanted Eyeliner Brush,Kiko Milano Eyes 62 Slanted Eyeliner Brush,KIKO MILANO
9-4896001255 - Kiko Milano Maxi Mod Waterproof Mascara 12 ml,Kiko Milano Maxi Mod Waterproof Mascara 12 ml,9-4896000226 - Kiko Milano New Unmeasurable Length Waterproof Mascara 12 ml,Kiko Milano New Unmeasurable Length Waterproof Mascara 12 ml,KIKO MILANO
9-4896001255 - Kiko Milano Maxi Mod Waterproof Mascara 12 ml,Kiko Milano Maxi Mod Waterproof Mascara 12 ml,9-4896000690 - Kiko Milano Triangular Foundation Sponges,Kiko Milano Triangular Foundation Sponges,KIKO MILANO
9-4896000825 - Kiko Milano Make Up Fixer,Kiko Milano Make Up Fixer,9-4896000007 - Kiko Milano Eyes 62 Slanted Eyeliner Brush,Kiko Milano Eyes 62 Slanted Eyeliner Brush,KIKO MILANO
9-4896000825 - Kiko Milano Make Up Fixer,Kiko Milano Make Up Fixer,9-4896000226 - Kiko Milano New Unmeasurable Length Waterproof Mascara 12 ml,Kiko Milano New Unmeasurable Length Waterproof Mascara 12 ml,KIKO MILANO
9-4896000825 - Kiko Milano Make Up Fixer,Kiko Milano Make Up Fixer,9-4896000690 - Kiko Milano Triangular Foundation Sponges,Kiko Milano Triangular Foundation Sponges,KIKO MILANO
9-4896004117 - Kiko Milano 3D Hydra Lipgloss - Limited Edition 42 Charming Copper,Kiko Milano 3D Hydra Lipgloss - Limited Edition 42 Charming Copper,9-4896000007 - Kiko Milano Eyes 62 Slanted Eyeliner Brush,Kiko Milano Eyes 62 Slanted Eyeliner Brush,KIKO MILANO
9-4896004117 - Kiko Milano 3D Hydra Lipgloss - Limited Edition 42 Charming Copper,Kiko Milano 3D Hydra Lipgloss - Limited Edition 42 Charming Copper,9-4896000226 - Kiko Milano New Unmeasurable Length Waterproof Mascara 12 ml,Kiko Milano New Unmeasurable Length Waterproof Mascara 12 ml,KIKO MILANO
9-4896004117 - Kiko Milano 3D Hydra Lipgloss - Limited Edition 42 Charming Copper,Kiko Milano 3D Hydra Lipgloss - Limited Edition 42 Charming Copper,9-4896000690 - Kiko Milano Triangular Foundation Sponges,Kiko Milano Triangular Foundation Sponges,KIKO MILANO
9-4896002367 - Kiko Milano Long Lasting Colour Lip Marker 105 True Red,Kiko Milano Long Lasting Colour Lip Marker 105 True Red,9-4896000007 - Kiko Milano Eyes 62 Slanted Eyeliner Brush,Kiko Milano Eyes 62 Slanted Eyeliner Brush,KIKO MILANO
9-4896002367 - Kiko Milano Long Lasting Colour Lip Marker 105 True Red,Kiko Milano Long Lasting Colour Lip Marker 105 True Red,9-4896000226 - Kiko Milano New Unmeasurable Length Waterproof Mascara 12 ml,Kiko Milano New Unmeasurable Length Waterproof Mascara 12 ml,KIKO MILANO
9-4896002367 - Kiko Milano Long Lasting Colour Lip Marker 105 True Red,Kiko Milano Long Lasting Colour Lip Marker 105 True Red,9-4896000690 - Kiko Milano Triangular Foundation Sponges,Kiko Milano Triangular Foundation Sponges,KIKO MILANO
1084784 - Shiseido UV Protective Compact Foundation SPF30 12 gr Medium Ivory,Shiseido UV Protective Compact Foundation SPF30 12 gr Medium Ivory,1083822 - Shiseido Expert Sun Protector Cream SPF30 50 ml,Shiseido Expert Sun Protector Cream SPF30 50 ml,SHISEIDO
9-4896001466 - Kiko Milano 3D Hydra Lipgloss 03 Pearly Apricot,Kiko Milano 3D Hydra Lipgloss 03 Pearly Apricot,9-4896000007 - Kiko Milano Eyes 62 Slanted Eyeliner Brush,Kiko Milano Eyes 62 Slanted Eyeliner Brush,KIKO MILANO
9-4896001466 - Kiko Milano 3D Hydra Lipgloss 03 Pearly Apricot,Kiko Milano 3D Hydra Lipgloss 03 Pearly Apricot,9-4896000226 - Kiko Milano New Unmeasurable Length Waterproof Mascara 12 ml,Kiko Milano New Unmeasurable Length Waterproof Mascara 12 ml,KIKO MILANO
9-4896001466 - Kiko Milano 3D Hydra Lipgloss 03 Pearly Apricot,Kiko Milano 3D Hydra Lipgloss 03 Pearly Apricot,9-4896000690 - Kiko Milano Triangular Foundation Sponges,Kiko Milano Triangular Foundation Sponges,KIKO MILANO
1084121 - Yves Rocher Body & Hair Mist Monoï 125 ml,Yves Rocher Body & Hair Mist Monoï 125 ml,1082493 - Yves Rocher 48h Non-Stop Moisturizing Gel Cream 50 ml,Yves Rocher 48h Non-Stop Moisturizing Gel Cream 50 ml,YVES ROCHER
1084121 - Yves Rocher Body & Hair Mist Monoï 125 ml,Yves Rocher Body & Hair Mist Monoï 125 ml,1083631 - Yves Rocher Mango & Coriander  Foaming Hand Soap 190 ml,Yves Rocher Mango & Coriander  Foaming Hand Soap 190 ml,YVES ROCHER
