Product A,Product B,Cluster
NEF-NEF αδιάβροχο προστατευτικό στρώματος μονό 100 x 200 + 30 cm Λευκό 100x200+30cm,Guy Laroche αδιάβροχο προστατευτικό επίστρωμα 100 χ 200 cm,0
NEF-NEF αδιάβροχο προστατευτικό στρώματος μονό 100 x 200 + 30 cm Λευκό 100x200+30cm,"Kentia αδιάβροχο επίστρωμα  ""Cotton Cover"" 100 x 200 cm",0
NEF-NEF αδιάβροχο προστατευτικό στρώματος μονό 100 x 200 + 30 cm Λευκό 100x200+30cm,"Kentia αδιάβροχη μαξιλαροθήκη βαμβακερή ""Cotton Cover"" 50 x 70 cm",0
NEF-NEF αδιάβροχο προστατευτικό στρώματος μονό 100 x 200 + 30 cm Λευκό 100x200+30cm,Armani My Way Eau de Parfum 90ml,0
NEF-NEF αδιάβροχο προστατευτικό στρώματος μονό 100 x 200 + 30 cm Λευκό 100x200+30cm,Kiko Milano Pure Clean Toner 200 ml,0
NEF-NEF αδιάβροχο προστατευτικό στρώματος μονό 100 x 200 + 30 cm Λευκό 100x200+30cm,Kiko Milano Full Coverage Blurring Powder Foundation Kiko Milano Full Coverage Blurring Powder Foundation 20 Ivory,0
NEF-NEF αδιάβροχο προστατευτικό στρώματος μονό 100 x 200 + 30 cm Λευκό 100x200+30cm,Sensai Absolute Silk Micro Mousse Wash 180 ml,0
NEF-NEF αδιάβροχο προστατευτικό στρώματος μονό 100 x 200 + 30 cm Λευκό 100x200+30cm,Sensai Silky Purifying Sponge Chief,0
NEF-NEF αδιάβροχο προστατευτικό στρώματος μονό 100 x 200 + 30 cm Λευκό 100x200+30cm,Sensai Cellular Performance Lotion I (Light) 125 ml,0
Guy Laroche αδιάβροχο προστατευτικό επίστρωμα 100 χ 200 cm,"Kentia αδιάβροχο επίστρωμα  ""Cotton Cover"" 100 x 200 cm",0
Guy Laroche αδιάβροχο προστατευτικό επίστρωμα 100 χ 200 cm,"Kentia αδιάβροχη μαξιλαροθήκη βαμβακερή ""Cotton Cover"" 50 x 70 cm",0
Guy Laroche αδιάβροχο προστατευτικό επίστρωμα 100 χ 200 cm,Armani My Way Eau de Parfum 90ml,0
Guy Laroche αδιάβροχο προστατευτικό επίστρωμα 100 χ 200 cm,Kiko Milano Pure Clean Toner 200 ml,0
Guy Laroche αδιάβροχο προστατευτικό επίστρωμα 100 χ 200 cm,Kiko Milano Full Coverage Blurring Powder Foundation Kiko Milano Full Coverage Blurring Powder Foundation 20 Ivory,0
Guy Laroche αδιάβροχο προστατευτικό επίστρωμα 100 χ 200 cm,Sensai Absolute Silk Micro Mousse Wash 180 ml,0
Guy Laroche αδιάβροχο προστατευτικό επίστρωμα 100 χ 200 cm,Sensai Silky Purifying Sponge Chief,0
Guy Laroche αδιάβροχο προστατευτικό επίστρωμα 100 χ 200 cm,Sensai Cellular Performance Lotion I (Light) 125 ml,0
"Kentia αδιάβροχο επίστρωμα  ""Cotton Cover"" 100 x 200 cm","Kentia αδιάβροχη μαξιλαροθήκη βαμβακερή ""Cotton Cover"" 50 x 70 cm",0
"Kentia αδιάβροχο επίστρωμα  ""Cotton Cover"" 100 x 200 cm",Armani My Way Eau de Parfum 90ml,0
"Kentia αδιάβροχο επίστρωμα  ""Cotton Cover"" 100 x 200 cm",Kiko Milano Pure Clean Toner 200 ml,0
"Kentia αδιάβροχο επίστρωμα  ""Cotton Cover"" 100 x 200 cm",Kiko Milano Full Coverage Blurring Powder Foundation Kiko Milano Full Coverage Blurring Powder Foundation 20 Ivory,0
"Kentia αδιάβροχο επίστρωμα  ""Cotton Cover"" 100 x 200 cm",Sensai Absolute Silk Micro Mousse Wash 180 ml,0
"Kentia αδιάβροχο επίστρωμα  ""Cotton Cover"" 100 x 200 cm",Sensai Silky Purifying Sponge Chief,0
"Kentia αδιάβροχο επίστρωμα  ""Cotton Cover"" 100 x 200 cm",Sensai Cellular Performance Lotion I (Light) 125 ml,0
"Kentia αδιάβροχη μαξιλαροθήκη βαμβακερή ""Cotton Cover"" 50 x 70 cm",Armani My Way Eau de Parfum 90ml,0
"Kentia αδιάβροχη μαξιλαροθήκη βαμβακερή ""Cotton Cover"" 50 x 70 cm",Kiko Milano Pure Clean Toner 200 ml,0
"Kentia αδιάβροχη μαξιλαροθήκη βαμβακερή ""Cotton Cover"" 50 x 70 cm",Kiko Milano Full Coverage Blurring Powder Foundation Kiko Milano Full Coverage Blurring Powder Foundation 20 Ivory,0
"Kentia αδιάβροχη μαξιλαροθήκη βαμβακερή ""Cotton Cover"" 50 x 70 cm",Sensai Absolute Silk Micro Mousse Wash 180 ml,0
"Kentia αδιάβροχη μαξιλαροθήκη βαμβακερή ""Cotton Cover"" 50 x 70 cm",Sensai Silky Purifying Sponge Chief,0
"Kentia αδιάβροχη μαξιλαροθήκη βαμβακερή ""Cotton Cover"" 50 x 70 cm",Sensai Cellular Performance Lotion I (Light) 125 ml,0
Armani My Way Eau de Parfum 90ml,Kiko Milano Pure Clean Toner 200 ml,0
Armani My Way Eau de Parfum 90ml,Kiko Milano Full Coverage Blurring Powder Foundation Kiko Milano Full Coverage Blurring Powder Foundation 20 Ivory,0
Armani My Way Eau de Parfum 90ml,Sensai Absolute Silk Micro Mousse Wash 180 ml,0
Armani My Way Eau de Parfum 90ml,Sensai Silky Purifying Sponge Chief,0
Armani My Way Eau de Parfum 90ml,Sensai Cellular Performance Lotion I (Light) 125 ml,0
Kiko Milano Pure Clean Toner 200 ml,Kiko Milano Full Coverage Blurring Powder Foundation Kiko Milano Full Coverage Blurring Powder Foundation 20 Ivory,0
Kiko Milano Pure Clean Toner 200 ml,Sensai Absolute Silk Micro Mousse Wash 180 ml,0
Kiko Milano Pure Clean Toner 200 ml,Sensai Silky Purifying Sponge Chief,0
Kiko Milano Pure Clean Toner 200 ml,Sensai Cellular Performance Lotion I (Light) 125 ml,0
Kiko Milano Full Coverage Blurring Powder Foundation Kiko Milano Full Coverage Blurring Powder Foundation 20 Ivory,Sensai Absolute Silk Micro Mousse Wash 180 ml,0
Kiko Milano Full Coverage Blurring Powder Foundation Kiko Milano Full Coverage Blurring Powder Foundation 20 Ivory,Sensai Silky Purifying Sponge Chief,0
Kiko Milano Full Coverage Blurring Powder Foundation Kiko Milano Full Coverage Blurring Powder Foundation 20 Ivory,Sensai Cellular Performance Lotion I (Light) 125 ml,0
Sensai Absolute Silk Micro Mousse Wash 180 ml,Sensai Silky Purifying Sponge Chief,0
Sensai Absolute Silk Micro Mousse Wash 180 ml,Sensai Cellular Performance Lotion I (Light) 125 ml,0
Sensai Silky Purifying Sponge Chief,Sensai Cellular Performance Lotion I (Light) 125 ml,0
Lacoste unisex T-shirt πικέ με λογότυπο Regular Fit Λευκό XXL,"Hugo Boss ανδρικό μαγιό σορτς με all-over handwritten logo ""Marco"" Μπλε Σκούρο L",1
Lacoste unisex T-shirt πικέ με λογότυπο Regular Fit Λευκό XXL,"Puma ανδρικό T-shirt μονόχρωμο με λογότυπο Regular Fit ""Essential + Tape"" Μαύρο M",1
Lacoste unisex T-shirt πικέ με λογότυπο Regular Fit Λευκό XXL,"Adidas ανδρικό T-shirt Regular Fit ""Essential 3-Strips"" Γκρι M",1
Lacoste unisex T-shirt πικέ με λογότυπο Regular Fit Λευκό XXL,Lacoste ανδρική μακρυμάνικη μπλούζα μονόχρωμη με κεντημένο λογότυπο Regular Fit  Μαύρο L,1
Lacoste unisex T-shirt πικέ με λογότυπο Regular Fit Λευκό XXL,"New Balance ανδρικό T-shirt ""Stacked Logo"" Μαύρο M",1
Lacoste unisex T-shirt πικέ με λογότυπο Regular Fit Λευκό XXL,Boggi Milano ανδρικό overshirt με τσέπες Oversized Fit Μπλε Σκούρο L,1
Lacoste unisex T-shirt πικέ με λογότυπο Regular Fit Λευκό XXL,Gant ανδρικό πουκάμισο button down με καρό σχέδιο και τσέπη με λογότυπο Regular Fit Κόκκινο L,1
Lacoste unisex T-shirt πικέ με λογότυπο Regular Fit Λευκό XXL,Gant ανδρικό καρό πουκάμισο με μία τσέπη Oxford Regular fit Μπλε L,1
Lacoste unisex T-shirt πικέ με λογότυπο Regular Fit Λευκό XXL,Paul&Shark ανδρικό T-shirt με logo print στο πλάι Regular Fit Μαύρο XL,1
"Hugo Boss ανδρικό μαγιό σορτς με all-over handwritten logo ""Marco"" Μπλε Σκούρο L","Puma ανδρικό T-shirt μονόχρωμο με λογότυπο Regular Fit ""Essential + Tape"" Μαύρο M",1
"Hugo Boss ανδρικό μαγιό σορτς με all-over handwritten logo ""Marco"" Μπλε Σκούρο L","Adidas ανδρικό T-shirt Regular Fit ""Essential 3-Strips"" Γκρι M",1
"Hugo Boss ανδρικό μαγιό σορτς με all-over handwritten logo ""Marco"" Μπλε Σκούρο L",Lacoste ανδρική μακρυμάνικη μπλούζα μονόχρωμη με κεντημένο λογότυπο Regular Fit  Μαύρο L,1
"Hugo Boss ανδρικό μαγιό σορτς με all-over handwritten logo ""Marco"" Μπλε Σκούρο L","New Balance ανδρικό T-shirt ""Stacked Logo"" Μαύρο M",1
"Hugo Boss ανδρικό μαγιό σορτς με all-over handwritten logo ""Marco"" Μπλε Σκούρο L",Boggi Milano ανδρικό overshirt με τσέπες Oversized Fit Μπλε Σκούρο L,1
"Hugo Boss ανδρικό μαγιό σορτς με all-over handwritten logo ""Marco"" Μπλε Σκούρο L",Gant ανδρικό πουκάμισο button down με καρό σχέδιο και τσέπη με λογότυπο Regular Fit Κόκκινο L,1
"Hugo Boss ανδρικό μαγιό σορτς με all-over handwritten logo ""Marco"" Μπλε Σκούρο L",Gant ανδρικό καρό πουκάμισο με μία τσέπη Oxford Regular fit Μπλε L,1
"Hugo Boss ανδρικό μαγιό σορτς με all-over handwritten logo ""Marco"" Μπλε Σκούρο L",Paul&Shark ανδρικό T-shirt με logo print στο πλάι Regular Fit Μαύρο XL,1
"Puma ανδρικό T-shirt μονόχρωμο με λογότυπο Regular Fit ""Essential + Tape"" Μαύρο M","Adidas ανδρικό T-shirt Regular Fit ""Essential 3-Strips"" Γκρι M",1
"Puma ανδρικό T-shirt μονόχρωμο με λογότυπο Regular Fit ""Essential + Tape"" Μαύρο M",Lacoste ανδρική μακρυμάνικη μπλούζα μονόχρωμη με κεντημένο λογότυπο Regular Fit  Μαύρο L,1
"Puma ανδρικό T-shirt μονόχρωμο με λογότυπο Regular Fit ""Essential + Tape"" Μαύρο M","New Balance ανδρικό T-shirt ""Stacked Logo"" Μαύρο M",1
"Puma ανδρικό T-shirt μονόχρωμο με λογότυπο Regular Fit ""Essential + Tape"" Μαύρο M",Boggi Milano ανδρικό overshirt με τσέπες Oversized Fit Μπλε Σκούρο L,1
"Puma ανδρικό T-shirt μονόχρωμο με λογότυπο Regular Fit ""Essential + Tape"" Μαύρο M",Gant ανδρικό πουκάμισο button down με καρό σχέδιο και τσέπη με λογότυπο Regular Fit Κόκκινο L,1
"Puma ανδρικό T-shirt μονόχρωμο με λογότυπο Regular Fit ""Essential + Tape"" Μαύρο M",Gant ανδρικό καρό πουκάμισο με μία τσέπη Oxford Regular fit Μπλε L,1
"Puma ανδρικό T-shirt μονόχρωμο με λογότυπο Regular Fit ""Essential + Tape"" Μαύρο M",Paul&Shark ανδρικό T-shirt με logo print στο πλάι Regular Fit Μαύρο XL,1
"Adidas ανδρικό T-shirt Regular Fit ""Essential 3-Strips"" Γκρι M",Lacoste ανδρική μακρυμάνικη μπλούζα μονόχρωμη με κεντημένο λογότυπο Regular Fit  Μαύρο L,1
"Adidas ανδρικό T-shirt Regular Fit ""Essential 3-Strips"" Γκρι M","New Balance ανδρικό T-shirt ""Stacked Logo"" Μαύρο M",1
"Adidas ανδρικό T-shirt Regular Fit ""Essential 3-Strips"" Γκρι M",Boggi Milano ανδρικό overshirt με τσέπες Oversized Fit Μπλε Σκούρο L,1
"Adidas ανδρικό T-shirt Regular Fit ""Essential 3-Strips"" Γκρι M",Gant ανδρικό πουκάμισο button down με καρό σχέδιο και τσέπη με λογότυπο Regular Fit Κόκκινο L,1
"Adidas ανδρικό T-shirt Regular Fit ""Essential 3-Strips"" Γκρι M",Gant ανδρικό καρό πουκάμισο με μία τσέπη Oxford Regular fit Μπλε L,1
"Adidas ανδρικό T-shirt Regular Fit ""Essential 3-Strips"" Γκρι M",Paul&Shark ανδρικό T-shirt με logo print στο πλάι Regular Fit Μαύρο XL,1
Lacoste ανδρική μακρυμάνικη μπλούζα μονόχρωμη με κεντημένο λογότυπο Regular Fit  Μαύρο L,"New Balance ανδρικό T-shirt ""Stacked Logo"" Μαύρο M",1
Lacoste ανδρική μακρυμάνικη μπλούζα μονόχρωμη με κεντημένο λογότυπο Regular Fit  Μαύρο L,Boggi Milano ανδρικό overshirt με τσέπες Oversized Fit Μπλε Σκούρο L,1
Lacoste ανδρική μακρυμάνικη μπλούζα μονόχρωμη με κεντημένο λογότυπο Regular Fit  Μαύρο L,Gant ανδρικό πουκάμισο button down με καρό σχέδιο και τσέπη με λογότυπο Regular Fit Κόκκινο L,1
Lacoste ανδρική μακρυμάνικη μπλούζα μονόχρωμη με κεντημένο λογότυπο Regular Fit  Μαύρο L,Gant ανδρικό καρό πουκάμισο με μία τσέπη Oxford Regular fit Μπλε L,1
Lacoste ανδρική μακρυμάνικη μπλούζα μονόχρωμη με κεντημένο λογότυπο Regular Fit  Μαύρο L,Paul&Shark ανδρικό T-shirt με logo print στο πλάι Regular Fit Μαύρο XL,1
"New Balance ανδρικό T-shirt ""Stacked Logo"" Μαύρο M",Boggi Milano ανδρικό overshirt με τσέπες Oversized Fit Μπλε Σκούρο L,1
"New Balance ανδρικό T-shirt ""Stacked Logo"" Μαύρο M",Gant ανδρικό πουκάμισο button down με καρό σχέδιο και τσέπη με λογότυπο Regular Fit Κόκκινο L,1
"New Balance ανδρικό T-shirt ""Stacked Logo"" Μαύρο M",Gant ανδρικό καρό πουκάμισο με μία τσέπη Oxford Regular fit Μπλε L,1
"New Balance ανδρικό T-shirt ""Stacked Logo"" Μαύρο M",Paul&Shark ανδρικό T-shirt με logo print στο πλάι Regular Fit Μαύρο XL,1
Boggi Milano ανδρικό overshirt με τσέπες Oversized Fit Μπλε Σκούρο L,Gant ανδρικό πουκάμισο button down με καρό σχέδιο και τσέπη με λογότυπο Regular Fit Κόκκινο L,1
Boggi Milano ανδρικό overshirt με τσέπες Oversized Fit Μπλε Σκούρο L,Gant ανδρικό καρό πουκάμισο με μία τσέπη Oxford Regular fit Μπλε L,1
Boggi Milano ανδρικό overshirt με τσέπες Oversized Fit Μπλε Σκούρο L,Paul&Shark ανδρικό T-shirt με logo print στο πλάι Regular Fit Μαύρο XL,1
Gant ανδρικό πουκάμισο button down με καρό σχέδιο και τσέπη με λογότυπο Regular Fit Κόκκινο L,Gant ανδρικό καρό πουκάμισο με μία τσέπη Oxford Regular fit Μπλε L,1
Gant ανδρικό πουκάμισο button down με καρό σχέδιο και τσέπη με λογότυπο Regular Fit Κόκκινο L,Paul&Shark ανδρικό T-shirt με logo print στο πλάι Regular Fit Μαύρο XL,1
Gant ανδρικό καρό πουκάμισο με μία τσέπη Oxford Regular fit Μπλε L,Paul&Shark ανδρικό T-shirt με logo print στο πλάι Regular Fit Μαύρο XL,1
"Valentino γυναικεία τσάντα crossbody μονόχρωμη με μεταλλικό λογότυπο ""Copacabana S"" Ταμπά ONE SIZE",CK Jeans γυναικεία τσάντα crossbody με ανάγλυφο μονόγραμμα Μαύρο ONE SIZE,2
"Valentino γυναικεία τσάντα crossbody μονόχρωμη με μεταλλικό λογότυπο ""Copacabana S"" Ταμπά ONE SIZE","DKNY γυναικεία τσάντα ώμου μονόχρωμη με γυαλιστερή όψη και διακριτικό λογότυπο ""Suri"" Μοβ ONE SIZE",2
"Valentino γυναικεία τσάντα crossbody μονόχρωμη με μεταλλικό λογότυπο ""Copacabana S"" Ταμπά ONE SIZE",Emporio Armani γυναικεία τσάντα ώμου με καπιτονέ σχέδιο και λογότυπο Μαύρο ONE SIZE,2
"Valentino γυναικεία τσάντα crossbody μονόχρωμη με μεταλλικό λογότυπο ""Copacabana S"" Ταμπά ONE SIZE","Karl Lagerfeld γυναικεία τσάντα tote βαμβακερή μονόχρωμη με contrast λεπτομέρειες ""Icon K S"" Μαύρο ONE SIZE",2
"Valentino γυναικεία τσάντα crossbody μονόχρωμη με μεταλλικό λογότυπο ""Copacabana S"" Ταμπά ONE SIZE",Twinset γυναικεία τσάντα shopper ψάθινη με ανάγλυφο κεντημένο λογότυπο Λευκό ONE SIZE,2
"Valentino γυναικεία τσάντα crossbody μονόχρωμη με μεταλλικό λογότυπο ""Copacabana S"" Ταμπά ONE SIZE",Michael Kors γυναικεία crossbody τσάντα με all-over logo letter print Εκρού ONE SIZE,2
"Valentino γυναικεία τσάντα crossbody μονόχρωμη με μεταλλικό λογότυπο ""Copacabana S"" Ταμπά ONE SIZE","Dragon Diffusion γυναικεία τσάντα χειρός ""Santa Croce Bag Big""  Πράσινο ONE SIZE",2
"Valentino γυναικεία τσάντα crossbody μονόχρωμη με μεταλλικό λογότυπο ""Copacabana S"" Ταμπά ONE SIZE","Guess γυναικεία τσάντα tote μονόχρωμη με all-over 4G contrast logo print ""Vikky"" Καφέ ONE SIZE",2
"Valentino γυναικεία τσάντα crossbody μονόχρωμη με μεταλλικό λογότυπο ""Copacabana S"" Ταμπά ONE SIZE","Valentino γυναικεία τσάντα crossbody μονόχρωμη με μεταλλικό λογότυπο ""Copacabana S"" Μαύρο ONE SIZE",2
CK Jeans γυναικεία τσάντα crossbody με ανάγλυφο μονόγραμμα Μαύρο ONE SIZE,"DKNY γυναικεία τσάντα ώμου μονόχρωμη με γυαλιστερή όψη και διακριτικό λογότυπο ""Suri"" Μοβ ONE SIZE",2
CK Jeans γυναικεία τσάντα crossbody με ανάγλυφο μονόγραμμα Μαύρο ONE SIZE,Emporio Armani γυναικεία τσάντα ώμου με καπιτονέ σχέδιο και λογότυπο Μαύρο ONE SIZE,2
CK Jeans γυναικεία τσάντα crossbody με ανάγλυφο μονόγραμμα Μαύρο ONE SIZE,"Karl Lagerfeld γυναικεία τσάντα tote βαμβακερή μονόχρωμη με contrast λεπτομέρειες ""Icon K S"" Μαύρο ONE SIZE",2
CK Jeans γυναικεία τσάντα crossbody με ανάγλυφο μονόγραμμα Μαύρο ONE SIZE,Twinset γυναικεία τσάντα shopper ψάθινη με ανάγλυφο κεντημένο λογότυπο Λευκό ONE SIZE,2
CK Jeans γυναικεία τσάντα crossbody με ανάγλυφο μονόγραμμα Μαύρο ONE SIZE,Michael Kors γυναικεία crossbody τσάντα με all-over logo letter print Εκρού ONE SIZE,2
CK Jeans γυναικεία τσάντα crossbody με ανάγλυφο μονόγραμμα Μαύρο ONE SIZE,"Dragon Diffusion γυναικεία τσάντα χειρός ""Santa Croce Bag Big""  Πράσινο ONE SIZE",2
CK Jeans γυναικεία τσάντα crossbody με ανάγλυφο μονόγραμμα Μαύρο ONE SIZE,"Guess γυναικεία τσάντα tote μονόχρωμη με all-over 4G contrast logo print ""Vikky"" Καφέ ONE SIZE",2
CK Jeans γυναικεία τσάντα crossbody με ανάγλυφο μονόγραμμα Μαύρο ONE SIZE,"Valentino γυναικεία τσάντα crossbody μονόχρωμη με μεταλλικό λογότυπο ""Copacabana S"" Μαύρο ONE SIZE",2
"DKNY γυναικεία τσάντα ώμου μονόχρωμη με γυαλιστερή όψη και διακριτικό λογότυπο ""Suri"" Μοβ ONE SIZE",Emporio Armani γυναικεία τσάντα ώμου με καπιτονέ σχέδιο και λογότυπο Μαύρο ONE SIZE,2
"DKNY γυναικεία τσάντα ώμου μονόχρωμη με γυαλιστερή όψη και διακριτικό λογότυπο ""Suri"" Μοβ ONE SIZE","Karl Lagerfeld γυναικεία τσάντα tote βαμβακερή μονόχρωμη με contrast λεπτομέρειες ""Icon K S"" Μαύρο ONE SIZE",2
"DKNY γυναικεία τσάντα ώμου μονόχρωμη με γυαλιστερή όψη και διακριτικό λογότυπο ""Suri"" Μοβ ONE SIZE",Twinset γυναικεία τσάντα shopper ψάθινη με ανάγλυφο κεντημένο λογότυπο Λευκό ONE SIZE,2
"DKNY γυναικεία τσάντα ώμου μονόχρωμη με γυαλιστερή όψη και διακριτικό λογότυπο ""Suri"" Μοβ ONE SIZE",Michael Kors γυναικεία crossbody τσάντα με all-over logo letter print Εκρού ONE SIZE,2
"DKNY γυναικεία τσάντα ώμου μονόχρωμη με γυαλιστερή όψη και διακριτικό λογότυπο ""Suri"" Μοβ ONE SIZE","Dragon Diffusion γυναικεία τσάντα χειρός ""Santa Croce Bag Big""  Πράσινο ONE SIZE",2
"DKNY γυναικεία τσάντα ώμου μονόχρωμη με γυαλιστερή όψη και διακριτικό λογότυπο ""Suri"" Μοβ ONE SIZE","Guess γυναικεία τσάντα tote μονόχρωμη με all-over 4G contrast logo print ""Vikky"" Καφέ ONE SIZE",2
"DKNY γυναικεία τσάντα ώμου μονόχρωμη με γυαλιστερή όψη και διακριτικό λογότυπο ""Suri"" Μοβ ONE SIZE","Valentino γυναικεία τσάντα crossbody μονόχρωμη με μεταλλικό λογότυπο ""Copacabana S"" Μαύρο ONE SIZE",2
Emporio Armani γυναικεία τσάντα ώμου με καπιτονέ σχέδιο και λογότυπο Μαύρο ONE SIZE,"Karl Lagerfeld γυναικεία τσάντα tote βαμβακερή μονόχρωμη με contrast λεπτομέρειες ""Icon K S"" Μαύρο ONE SIZE",2
Emporio Armani γυναικεία τσάντα ώμου με καπιτονέ σχέδιο και λογότυπο Μαύρο ONE SIZE,Twinset γυναικεία τσάντα shopper ψάθινη με ανάγλυφο κεντημένο λογότυπο Λευκό ONE SIZE,2
Emporio Armani γυναικεία τσάντα ώμου με καπιτονέ σχέδιο και λογότυπο Μαύρο ONE SIZE,Michael Kors γυναικεία crossbody τσάντα με all-over logo letter print Εκρού ONE SIZE,2
Emporio Armani γυναικεία τσάντα ώμου με καπιτονέ σχέδιο και λογότυπο Μαύρο ONE SIZE,"Dragon Diffusion γυναικεία τσάντα χειρός ""Santa Croce Bag Big""  Πράσινο ONE SIZE",2
Emporio Armani γυναικεία τσάντα ώμου με καπιτονέ σχέδιο και λογότυπο Μαύρο ONE SIZE,"Guess γυναικεία τσάντα tote μονόχρωμη με all-over 4G contrast logo print ""Vikky"" Καφέ ONE SIZE",2
Emporio Armani γυναικεία τσάντα ώμου με καπιτονέ σχέδιο και λογότυπο Μαύρο ONE SIZE,"Valentino γυναικεία τσάντα crossbody μονόχρωμη με μεταλλικό λογότυπο ""Copacabana S"" Μαύρο ONE SIZE",2
"Karl Lagerfeld γυναικεία τσάντα tote βαμβακερή μονόχρωμη με contrast λεπτομέρειες ""Icon K S"" Μαύρο ONE SIZE",Twinset γυναικεία τσάντα shopper ψάθινη με ανάγλυφο κεντημένο λογότυπο Λευκό ONE SIZE,2
"Karl Lagerfeld γυναικεία τσάντα tote βαμβακερή μονόχρωμη με contrast λεπτομέρειες ""Icon K S"" Μαύρο ONE SIZE",Michael Kors γυναικεία crossbody τσάντα με all-over logo letter print Εκρού ONE SIZE,2
"Karl Lagerfeld γυναικεία τσάντα tote βαμβακερή μονόχρωμη με contrast λεπτομέρειες ""Icon K S"" Μαύρο ONE SIZE","Dragon Diffusion γυναικεία τσάντα χειρός ""Santa Croce Bag Big""  Πράσινο ONE SIZE",2
"Karl Lagerfeld γυναικεία τσάντα tote βαμβακερή μονόχρωμη με contrast λεπτομέρειες ""Icon K S"" Μαύρο ONE SIZE","Guess γυναικεία τσάντα tote μονόχρωμη με all-over 4G contrast logo print ""Vikky"" Καφέ ONE SIZE",2
"Karl Lagerfeld γυναικεία τσάντα tote βαμβακερή μονόχρωμη με contrast λεπτομέρειες ""Icon K S"" Μαύρο ONE SIZE","Valentino γυναικεία τσάντα crossbody μονόχρωμη με μεταλλικό λογότυπο ""Copacabana S"" Μαύρο ONE SIZE",2
Twinset γυναικεία τσάντα shopper ψάθινη με ανάγλυφο κεντημένο λογότυπο Λευκό ONE SIZE,Michael Kors γυναικεία crossbody τσάντα με all-over logo letter print Εκρού ONE SIZE,2
Twinset γυναικεία τσάντα shopper ψάθινη με ανάγλυφο κεντημένο λογότυπο Λευκό ONE SIZE,"Dragon Diffusion γυναικεία τσάντα χειρός ""Santa Croce Bag Big""  Πράσινο ONE SIZE",2
Twinset γυναικεία τσάντα shopper ψάθινη με ανάγλυφο κεντημένο λογότυπο Λευκό ONE SIZE,"Guess γυναικεία τσάντα tote μονόχρωμη με all-over 4G contrast logo print ""Vikky"" Καφέ ONE SIZE",2
Twinset γυναικεία τσάντα shopper ψάθινη με ανάγλυφο κεντημένο λογότυπο Λευκό ONE SIZE,"Valentino γυναικεία τσάντα crossbody μονόχρωμη με μεταλλικό λογότυπο ""Copacabana S"" Μαύρο ONE SIZE",2
Michael Kors γυναικεία crossbody τσάντα με all-over logo letter print Εκρού ONE SIZE,"Dragon Diffusion γυναικεία τσάντα χειρός ""Santa Croce Bag Big""  Πράσινο ONE SIZE",2
Michael Kors γυναικεία crossbody τσάντα με all-over logo letter print Εκρού ONE SIZE,"Guess γυναικεία τσάντα tote μονόχρωμη με all-over 4G contrast logo print ""Vikky"" Καφέ ONE SIZE",2
Michael Kors γυναικεία crossbody τσάντα με all-over logo letter print Εκρού ONE SIZE,"Valentino γυναικεία τσάντα crossbody μονόχρωμη με μεταλλικό λογότυπο ""Copacabana S"" Μαύρο ONE SIZE",2
"Dragon Diffusion γυναικεία τσάντα χειρός ""Santa Croce Bag Big""  Πράσινο ONE SIZE","Guess γυναικεία τσάντα tote μονόχρωμη με all-over 4G contrast logo print ""Vikky"" Καφέ ONE SIZE",2
"Dragon Diffusion γυναικεία τσάντα χειρός ""Santa Croce Bag Big""  Πράσινο ONE SIZE","Valentino γυναικεία τσάντα crossbody μονόχρωμη με μεταλλικό λογότυπο ""Copacabana S"" Μαύρο ONE SIZE",2
"Guess γυναικεία τσάντα tote μονόχρωμη με all-over 4G contrast logo print ""Vikky"" Καφέ ONE SIZE","Valentino γυναικεία τσάντα crossbody μονόχρωμη με μεταλλικό λογότυπο ""Copacabana S"" Μαύρο ONE SIZE",2
"Lacoste ανδρικά δερμάτινα sneakers μονόχρωμα με ανάγλυφη λεπτομέρεια στο πλάι ""Carnaby Evo"" Nude 43","Converse γυναικεία sneakers ""Chuck Taylor All Star Lift Platform'' Φούξια 37",3
"Lacoste ανδρικά δερμάτινα sneakers μονόχρωμα με ανάγλυφη λεπτομέρεια στο πλάι ""Carnaby Evo"" Nude 43","Lacoste γυναικεία sneakers μονόχρωμα με κεντημένη λεπτομέρεια πίσω ""L.12.12"" Πορτοκαλί 37",3
"Lacoste ανδρικά δερμάτινα sneakers μονόχρωμα με ανάγλυφη λεπτομέρεια στο πλάι ""Carnaby Evo"" Nude 43",Gant γυναικεία παπούτσια πάνινα slip on Ροζ 36,3
"Lacoste ανδρικά δερμάτινα sneakers μονόχρωμα με ανάγλυφη λεπτομέρεια στο πλάι ""Carnaby Evo"" Nude 43","Lacoste γυναικεία δερμάτινα sneakers ""Powercourt"" Λευκό 39",3
"Lacoste ανδρικά δερμάτινα sneakers μονόχρωμα με ανάγλυφη λεπτομέρεια στο πλάι ""Carnaby Evo"" Nude 43","Lacoste γυναικεία sneakers μονόχρωμα με κεντημένη λεπτομέρεια πίσω ""L.12.12"" Πορτοκαλί 39",3
"Lacoste ανδρικά δερμάτινα sneakers μονόχρωμα με ανάγλυφη λεπτομέρεια στο πλάι ""Carnaby Evo"" Nude 43","Guess γυναικεία sneakers μονόχρωμα με ανάγλυφο λογότυπο ""Brecky 4"" Λευκό 40",3
"Lacoste ανδρικά δερμάτινα sneakers μονόχρωμα με ανάγλυφη λεπτομέρεια στο πλάι ""Carnaby Evo"" Nude 43",Lacoste γυναικεία midi φούστα πλισέ με καρό print Λευκό 42,3
"Lacoste ανδρικά δερμάτινα sneakers μονόχρωμα με ανάγλυφη λεπτομέρεια στο πλάι ""Carnaby Evo"" Nude 43",BCBGMAXAZRIA γυναικεία σατέν παντελόνα με ελαστική μέση Σομον 44,3
"Lacoste ανδρικά δερμάτινα sneakers μονόχρωμα με ανάγλυφη λεπτομέρεια στο πλάι ""Carnaby Evo"" Nude 43","Ugg γυναικεία mules suede ""Spring Cottage Clog"" Ταμπά 39",3
"Converse γυναικεία sneakers ""Chuck Taylor All Star Lift Platform'' Φούξια 37","Lacoste γυναικεία sneakers μονόχρωμα με κεντημένη λεπτομέρεια πίσω ""L.12.12"" Πορτοκαλί 37",3
"Converse γυναικεία sneakers ""Chuck Taylor All Star Lift Platform'' Φούξια 37",Gant γυναικεία παπούτσια πάνινα slip on Ροζ 36,3
"Converse γυναικεία sneakers ""Chuck Taylor All Star Lift Platform'' Φούξια 37","Lacoste γυναικεία δερμάτινα sneakers ""Powercourt"" Λευκό 39",3
"Converse γυναικεία sneakers ""Chuck Taylor All Star Lift Platform'' Φούξια 37","Lacoste γυναικεία sneakers μονόχρωμα με κεντημένη λεπτομέρεια πίσω ""L.12.12"" Πορτοκαλί 39",3
"Converse γυναικεία sneakers ""Chuck Taylor All Star Lift Platform'' Φούξια 37","Guess γυναικεία sneakers μονόχρωμα με ανάγλυφο λογότυπο ""Brecky 4"" Λευκό 40",3
"Converse γυναικεία sneakers ""Chuck Taylor All Star Lift Platform'' Φούξια 37",Lacoste γυναικεία midi φούστα πλισέ με καρό print Λευκό 42,3
"Converse γυναικεία sneakers ""Chuck Taylor All Star Lift Platform'' Φούξια 37",BCBGMAXAZRIA γυναικεία σατέν παντελόνα με ελαστική μέση Σομον 44,3
"Converse γυναικεία sneakers ""Chuck Taylor All Star Lift Platform'' Φούξια 37","Ugg γυναικεία mules suede ""Spring Cottage Clog"" Ταμπά 39",3
"Lacoste γυναικεία sneakers μονόχρωμα με κεντημένη λεπτομέρεια πίσω ""L.12.12"" Πορτοκαλί 37",Gant γυναικεία παπούτσια πάνινα slip on Ροζ 36,3
"Lacoste γυναικεία sneakers μονόχρωμα με κεντημένη λεπτομέρεια πίσω ""L.12.12"" Πορτοκαλί 37","Lacoste γυναικεία δερμάτινα sneakers ""Powercourt"" Λευκό 39",3
"Lacoste γυναικεία sneakers μονόχρωμα με κεντημένη λεπτομέρεια πίσω ""L.12.12"" Πορτοκαλί 37","Lacoste γυναικεία sneakers μονόχρωμα με κεντημένη λεπτομέρεια πίσω ""L.12.12"" Πορτοκαλί 39",3
"Lacoste γυναικεία sneakers μονόχρωμα με κεντημένη λεπτομέρεια πίσω ""L.12.12"" Πορτοκαλί 37","Guess γυναικεία sneakers μονόχρωμα με ανάγλυφο λογότυπο ""Brecky 4"" Λευκό 40",3
"Lacoste γυναικεία sneakers μονόχρωμα με κεντημένη λεπτομέρεια πίσω ""L.12.12"" Πορτοκαλί 37",Lacoste γυναικεία midi φούστα πλισέ με καρό print Λευκό 42,3
"Lacoste γυναικεία sneakers μονόχρωμα με κεντημένη λεπτομέρεια πίσω ""L.12.12"" Πορτοκαλί 37",BCBGMAXAZRIA γυναικεία σατέν παντελόνα με ελαστική μέση Σομον 44,3
"Lacoste γυναικεία sneakers μονόχρωμα με κεντημένη λεπτομέρεια πίσω ""L.12.12"" Πορτοκαλί 37","Ugg γυναικεία mules suede ""Spring Cottage Clog"" Ταμπά 39",3
Gant γυναικεία παπούτσια πάνινα slip on Ροζ 36,"Lacoste γυναικεία δερμάτινα sneakers ""Powercourt"" Λευκό 39",3
Gant γυναικεία παπούτσια πάνινα slip on Ροζ 36,"Lacoste γυναικεία sneakers μονόχρωμα με κεντημένη λεπτομέρεια πίσω ""L.12.12"" Πορτοκαλί 39",3
Gant γυναικεία παπούτσια πάνινα slip on Ροζ 36,"Guess γυναικεία sneakers μονόχρωμα με ανάγλυφο λογότυπο ""Brecky 4"" Λευκό 40",3
Gant γυναικεία παπούτσια πάνινα slip on Ροζ 36,Lacoste γυναικεία midi φούστα πλισέ με καρό print Λευκό 42,3
Gant γυναικεία παπούτσια πάνινα slip on Ροζ 36,BCBGMAXAZRIA γυναικεία σατέν παντελόνα με ελαστική μέση Σομον 44,3
Gant γυναικεία παπούτσια πάνινα slip on Ροζ 36,"Ugg γυναικεία mules suede ""Spring Cottage Clog"" Ταμπά 39",3
"Lacoste γυναικεία δερμάτινα sneakers ""Powercourt"" Λευκό 39","Lacoste γυναικεία sneakers μονόχρωμα με κεντημένη λεπτομέρεια πίσω ""L.12.12"" Πορτοκαλί 39",3
"Lacoste γυναικεία δερμάτινα sneakers ""Powercourt"" Λευκό 39","Guess γυναικεία sneakers μονόχρωμα με ανάγλυφο λογότυπο ""Brecky 4"" Λευκό 40",3
"Lacoste γυναικεία δερμάτινα sneakers ""Powercourt"" Λευκό 39",Lacoste γυναικεία midi φούστα πλισέ με καρό print Λευκό 42,3
"Lacoste γυναικεία δερμάτινα sneakers ""Powercourt"" Λευκό 39",BCBGMAXAZRIA γυναικεία σατέν παντελόνα με ελαστική μέση Σομον 44,3
"Lacoste γυναικεία δερμάτινα sneakers ""Powercourt"" Λευκό 39","Ugg γυναικεία mules suede ""Spring Cottage Clog"" Ταμπά 39",3
"Lacoste γυναικεία sneakers μονόχρωμα με κεντημένη λεπτομέρεια πίσω ""L.12.12"" Πορτοκαλί 39","Guess γυναικεία sneakers μονόχρωμα με ανάγλυφο λογότυπο ""Brecky 4"" Λευκό 40",3
"Lacoste γυναικεία sneakers μονόχρωμα με κεντημένη λεπτομέρεια πίσω ""L.12.12"" Πορτοκαλί 39",Lacoste γυναικεία midi φούστα πλισέ με καρό print Λευκό 42,3
"Lacoste γυναικεία sneakers μονόχρωμα με κεντημένη λεπτομέρεια πίσω ""L.12.12"" Πορτοκαλί 39",BCBGMAXAZRIA γυναικεία σατέν παντελόνα με ελαστική μέση Σομον 44,3
"Lacoste γυναικεία sneakers μονόχρωμα με κεντημένη λεπτομέρεια πίσω ""L.12.12"" Πορτοκαλί 39","Ugg γυναικεία mules suede ""Spring Cottage Clog"" Ταμπά 39",3
"Guess γυναικεία sneakers μονόχρωμα με ανάγλυφο λογότυπο ""Brecky 4"" Λευκό 40",Lacoste γυναικεία midi φούστα πλισέ με καρό print Λευκό 42,3
"Guess γυναικεία sneakers μονόχρωμα με ανάγλυφο λογότυπο ""Brecky 4"" Λευκό 40",BCBGMAXAZRIA γυναικεία σατέν παντελόνα με ελαστική μέση Σομον 44,3
"Guess γυναικεία sneakers μονόχρωμα με ανάγλυφο λογότυπο ""Brecky 4"" Λευκό 40","Ugg γυναικεία mules suede ""Spring Cottage Clog"" Ταμπά 39",3
Lacoste γυναικεία midi φούστα πλισέ με καρό print Λευκό 42,BCBGMAXAZRIA γυναικεία σατέν παντελόνα με ελαστική μέση Σομον 44,3
Lacoste γυναικεία midi φούστα πλισέ με καρό print Λευκό 42,"Ugg γυναικεία mules suede ""Spring Cottage Clog"" Ταμπά 39",3
BCBGMAXAZRIA γυναικεία σατέν παντελόνα με ελαστική μέση Σομον 44,"Ugg γυναικεία mules suede ""Spring Cottage Clog"" Ταμπά 39",3
Mayoral παιδικό βαμβακερό σορτς μονόχρωμο με διακοσμητικά pom-pom Καμηλό 14Y,Name It παιδική βερμούδα μονόχρωμη με ελαστική μέση (2-14 ετών) Μπλε Σκούρο 8Y,4
Mayoral παιδικό βαμβακερό σορτς μονόχρωμο με διακοσμητικά pom-pom Καμηλό 14Y,Mayoral σετ παιδικό μαγιό με μπικίνι τοπ και σλιπ με βολάν (2 τεμάχια) Κόκκινο 12Y,4
Mayoral παιδικό βαμβακερό σορτς μονόχρωμο με διακοσμητικά pom-pom Καμηλό 14Y,Name It παιδικό T-shirt με print στο στήθος Regular Fit Μπλε Ανοιχτό 13-14Y,4
Mayoral παιδικό βαμβακερό σορτς μονόχρωμο με διακοσμητικά pom-pom Καμηλό 14Y,OVS παιδική μπλούζα μονόχρωμη βαμβακερή με sailboat print και lettering Πράσινο Ανοιχτό 5-6Y,4
Mayoral παιδικό βαμβακερό σορτς μονόχρωμο με διακοσμητικά pom-pom Καμηλό 14Y,Boboli βρεφικό σετ μπλούζα με κολάν (2 τεμάχια) Λευκό 12M,4
Mayoral παιδικό βαμβακερό σορτς μονόχρωμο με διακοσμητικά pom-pom Καμηλό 14Y,OVS παιδικό βαμβακερό T-shirt Πράσινο 5-6Y,4
Mayoral παιδικό βαμβακερό σορτς μονόχρωμο με διακοσμητικά pom-pom Καμηλό 14Y,OVS βρεφικό T-shirt μονόχρωμο βαμβακερό με βολάν στα μανίκια Φούξια 12-18M,4
Mayoral παιδικό βαμβακερό σορτς μονόχρωμο με διακοσμητικά pom-pom Καμηλό 14Y,OVS βρεφική μπλούζα βαμβακερή μονόχρωμη με ribbed τελείωμα Κίτρινο 12-18M,4
Mayoral παιδικό βαμβακερό σορτς μονόχρωμο με διακοσμητικά pom-pom Καμηλό 14Y,OVS βρεφική μπλούζα φούτερ βαμβακερή μονόχρωμη με βολάν στα μανίκια Κόκκινο 12-18M,4
Name It παιδική βερμούδα μονόχρωμη με ελαστική μέση (2-14 ετών) Μπλε Σκούρο 8Y,Mayoral σετ παιδικό μαγιό με μπικίνι τοπ και σλιπ με βολάν (2 τεμάχια) Κόκκινο 12Y,4
Name It παιδική βερμούδα μονόχρωμη με ελαστική μέση (2-14 ετών) Μπλε Σκούρο 8Y,Name It παιδικό T-shirt με print στο στήθος Regular Fit Μπλε Ανοιχτό 13-14Y,4
Name It παιδική βερμούδα μονόχρωμη με ελαστική μέση (2-14 ετών) Μπλε Σκούρο 8Y,OVS παιδική μπλούζα μονόχρωμη βαμβακερή με sailboat print και lettering Πράσινο Ανοιχτό 5-6Y,4
Name It παιδική βερμούδα μονόχρωμη με ελαστική μέση (2-14 ετών) Μπλε Σκούρο 8Y,Boboli βρεφικό σετ μπλούζα με κολάν (2 τεμάχια) Λευκό 12M,4
Name It παιδική βερμούδα μονόχρωμη με ελαστική μέση (2-14 ετών) Μπλε Σκούρο 8Y,OVS παιδικό βαμβακερό T-shirt Πράσινο 5-6Y,4
Name It παιδική βερμούδα μονόχρωμη με ελαστική μέση (2-14 ετών) Μπλε Σκούρο 8Y,OVS βρεφικό T-shirt μονόχρωμο βαμβακερό με βολάν στα μανίκια Φούξια 12-18M,4
Name It παιδική βερμούδα μονόχρωμη με ελαστική μέση (2-14 ετών) Μπλε Σκούρο 8Y,OVS βρεφική μπλούζα βαμβακερή μονόχρωμη με ribbed τελείωμα Κίτρινο 12-18M,4
Name It παιδική βερμούδα μονόχρωμη με ελαστική μέση (2-14 ετών) Μπλε Σκούρο 8Y,OVS βρεφική μπλούζα φούτερ βαμβακερή μονόχρωμη με βολάν στα μανίκια Κόκκινο 12-18M,4
Mayoral σετ παιδικό μαγιό με μπικίνι τοπ και σλιπ με βολάν (2 τεμάχια) Κόκκινο 12Y,Name It παιδικό T-shirt με print στο στήθος Regular Fit Μπλε Ανοιχτό 13-14Y,4
Mayoral σετ παιδικό μαγιό με μπικίνι τοπ και σλιπ με βολάν (2 τεμάχια) Κόκκινο 12Y,OVS παιδική μπλούζα μονόχρωμη βαμβακερή με sailboat print και lettering Πράσινο Ανοιχτό 5-6Y,4
Mayoral σετ παιδικό μαγιό με μπικίνι τοπ και σλιπ με βολάν (2 τεμάχια) Κόκκινο 12Y,Boboli βρεφικό σετ μπλούζα με κολάν (2 τεμάχια) Λευκό 12M,4
Mayoral σετ παιδικό μαγιό με μπικίνι τοπ και σλιπ με βολάν (2 τεμάχια) Κόκκινο 12Y,OVS παιδικό βαμβακερό T-shirt Πράσινο 5-6Y,4
Mayoral σετ παιδικό μαγιό με μπικίνι τοπ και σλιπ με βολάν (2 τεμάχια) Κόκκινο 12Y,OVS βρεφικό T-shirt μονόχρωμο βαμβακερό με βολάν στα μανίκια Φούξια 12-18M,4
Mayoral σετ παιδικό μαγιό με μπικίνι τοπ και σλιπ με βολάν (2 τεμάχια) Κόκκινο 12Y,OVS βρεφική μπλούζα βαμβακερή μονόχρωμη με ribbed τελείωμα Κίτρινο 12-18M,4
Mayoral σετ παιδικό μαγιό με μπικίνι τοπ και σλιπ με βολάν (2 τεμάχια) Κόκκινο 12Y,OVS βρεφική μπλούζα φούτερ βαμβακερή μονόχρωμη με βολάν στα μανίκια Κόκκινο 12-18M,4
Name It παιδικό T-shirt με print στο στήθος Regular Fit Μπλε Ανοιχτό 13-14Y,OVS παιδική μπλούζα μονόχρωμη βαμβακερή με sailboat print και lettering Πράσινο Ανοιχτό 5-6Y,4
Name It παιδικό T-shirt με print στο στήθος Regular Fit Μπλε Ανοιχτό 13-14Y,Boboli βρεφικό σετ μπλούζα με κολάν (2 τεμάχια) Λευκό 12M,4
Name It παιδικό T-shirt με print στο στήθος Regular Fit Μπλε Ανοιχτό 13-14Y,OVS παιδικό βαμβακερό T-shirt Πράσινο 5-6Y,4
Name It παιδικό T-shirt με print στο στήθος Regular Fit Μπλε Ανοιχτό 13-14Y,OVS βρεφικό T-shirt μονόχρωμο βαμβακερό με βολάν στα μανίκια Φούξια 12-18M,4
Name It παιδικό T-shirt με print στο στήθος Regular Fit Μπλε Ανοιχτό 13-14Y,OVS βρεφική μπλούζα βαμβακερή μονόχρωμη με ribbed τελείωμα Κίτρινο 12-18M,4
Name It παιδικό T-shirt με print στο στήθος Regular Fit Μπλε Ανοιχτό 13-14Y,OVS βρεφική μπλούζα φούτερ βαμβακερή μονόχρωμη με βολάν στα μανίκια Κόκκινο 12-18M,4
OVS παιδική μπλούζα μονόχρωμη βαμβακερή με sailboat print και lettering Πράσινο Ανοιχτό 5-6Y,Boboli βρεφικό σετ μπλούζα με κολάν (2 τεμάχια) Λευκό 12M,4
OVS παιδική μπλούζα μονόχρωμη βαμβακερή με sailboat print και lettering Πράσινο Ανοιχτό 5-6Y,OVS παιδικό βαμβακερό T-shirt Πράσινο 5-6Y,4
OVS παιδική μπλούζα μονόχρωμη βαμβακερή με sailboat print και lettering Πράσινο Ανοιχτό 5-6Y,OVS βρεφικό T-shirt μονόχρωμο βαμβακερό με βολάν στα μανίκια Φούξια 12-18M,4
OVS παιδική μπλούζα μονόχρωμη βαμβακερή με sailboat print και lettering Πράσινο Ανοιχτό 5-6Y,OVS βρεφική μπλούζα βαμβακερή μονόχρωμη με ribbed τελείωμα Κίτρινο 12-18M,4
OVS παιδική μπλούζα μονόχρωμη βαμβακερή με sailboat print και lettering Πράσινο Ανοιχτό 5-6Y,OVS βρεφική μπλούζα φούτερ βαμβακερή μονόχρωμη με βολάν στα μανίκια Κόκκινο 12-18M,4
Boboli βρεφικό σετ μπλούζα με κολάν (2 τεμάχια) Λευκό 12M,OVS παιδικό βαμβακερό T-shirt Πράσινο 5-6Y,4
Boboli βρεφικό σετ μπλούζα με κολάν (2 τεμάχια) Λευκό 12M,OVS βρεφικό T-shirt μονόχρωμο βαμβακερό με βολάν στα μανίκια Φούξια 12-18M,4
Boboli βρεφικό σετ μπλούζα με κολάν (2 τεμάχια) Λευκό 12M,OVS βρεφική μπλούζα βαμβακερή μονόχρωμη με ribbed τελείωμα Κίτρινο 12-18M,4
Boboli βρεφικό σετ μπλούζα με κολάν (2 τεμάχια) Λευκό 12M,OVS βρεφική μπλούζα φούτερ βαμβακερή μονόχρωμη με βολάν στα μανίκια Κόκκινο 12-18M,4
OVS παιδικό βαμβακερό T-shirt Πράσινο 5-6Y,OVS βρεφικό T-shirt μονόχρωμο βαμβακερό με βολάν στα μανίκια Φούξια 12-18M,4
OVS παιδικό βαμβακερό T-shirt Πράσινο 5-6Y,OVS βρεφική μπλούζα βαμβακερή μονόχρωμη με ribbed τελείωμα Κίτρινο 12-18M,4
OVS παιδικό βαμβακερό T-shirt Πράσινο 5-6Y,OVS βρεφική μπλούζα φούτερ βαμβακερή μονόχρωμη με βολάν στα μανίκια Κόκκινο 12-18M,4
OVS βρεφικό T-shirt μονόχρωμο βαμβακερό με βολάν στα μανίκια Φούξια 12-18M,OVS βρεφική μπλούζα βαμβακερή μονόχρωμη με ribbed τελείωμα Κίτρινο 12-18M,4
OVS βρεφικό T-shirt μονόχρωμο βαμβακερό με βολάν στα μανίκια Φούξια 12-18M,OVS βρεφική μπλούζα φούτερ βαμβακερή μονόχρωμη με βολάν στα μανίκια Κόκκινο 12-18M,4
OVS βρεφική μπλούζα βαμβακερή μονόχρωμη με ribbed τελείωμα Κίτρινο 12-18M,OVS βρεφική μπλούζα φούτερ βαμβακερή μονόχρωμη με βολάν στα μανίκια Κόκκινο 12-18M,4
