Primary Product ID,Primary Title,Bundled With Product ID,Bundled With Title,Brand
9-4896001659 - Kiko Milano Lip Volume Tutu Rose,Kiko Milano Lip Volume Tutu Rose,9-4896003805 - Kiko Milano Pure Clean Toner 200 ml,Kiko Milano Pure Clean Toner 200 ml,KIKO MILANO
9-4896001659 - Kiko Milano Lip Volume Tutu Rose,Kiko Milano Lip Volume Tutu Rose,9-4896003454 - Kiko Milano Full Coverage Blurring Powder Foundation Kiko Milano Full Coverage Blurring Powder Foundation 20 Ivory,Kiko Milano Full Coverage Blurring Powder Foundation Kiko Milano Full Coverage Blurring Powder Foundation 20 Ivory,KIKO MILANO
9-4896001659 - Kiko Milano Lip Volume Tutu Rose,Kiko Milano Lip Volume Tutu Rose,9-4896004057 - Kiko Milano High Pigment Eyeshadow 40 Metallic Ballerina Rose,Kiko Milano High Pigment Eyeshadow 40 Metallic Ballerina Rose,KIKO MILANO
9-4896001185 - Kiko Milano Unforgettable Volume & Curl Mascara 11 ml,Kiko Milano Unforgettable Volume & Curl Mascara 11 ml,9-4896003805 - Kiko Milano Pure Clean Toner 200 ml,Kiko Milano Pure Clean Toner 200 ml,KIKO MILANO
9-4896001185 - Kiko Milano Unforgettable Volume & Curl Mascara 11 ml,Kiko Milano Unforgettable Volume & Curl Mascara 11 ml,9-4896003454 - Kiko Milano Full Coverage Blurring Powder Foundation Kiko Milano Full Coverage Blurring Powder Foundation 20 Ivory,Kiko Milano Full Coverage Blurring Powder Foundation Kiko Milano Full Coverage Blurring Powder Foundation 20 Ivory,KIKO MILANO
9-4896001185 - Kiko Milano Unforgettable Volume & Curl Mascara 11 ml,Kiko Milano Unforgettable Volume & Curl Mascara 11 ml,9-4896004057 - Kiko Milano High Pigment Eyeshadow 40 Metallic Ballerina Rose,Kiko Milano High Pigment Eyeshadow 40 Metallic Ballerina Rose,KIKO MILANO
9-4896000585 - Kiko Milano Ultra Tech + Volume And Curl Mascara 12 ml,Kiko Milano Ultra Tech + Volume And Curl Mascara 12 ml,9-4896003805 - Kiko Milano Pure Clean Toner 200 ml,Kiko Milano Pure Clean Toner 200 ml,KIKO MILANO
9-4896000585 - Kiko Milano Ultra Tech + Volume And Curl Mascara 12 ml,Kiko Milano Ultra Tech + Volume And Curl Mascara 12 ml,9-4896003454 - Kiko Milano Full Coverage Blurring Powder Foundation Kiko Milano Full Coverage Blurring Powder Foundation 20 Ivory,Kiko Milano Full Coverage Blurring Powder Foundation Kiko Milano Full Coverage Blurring Powder Foundation 20 Ivory,KIKO MILANO
9-4896000585 - Kiko Milano Ultra Tech + Volume And Curl Mascara 12 ml,Kiko Milano Ultra Tech + Volume And Curl Mascara 12 ml,9-4896004057 - Kiko Milano High Pigment Eyeshadow 40 Metallic Ballerina Rose,Kiko Milano High Pigment Eyeshadow 40 Metallic Ballerina Rose,KIKO MILANO
"9-4637000132|ED5126|1 - Ugg σετ καθαρισμού παπουτσιών ""Care Kit"" Λευκό ONE SIZE","Ugg σετ καθαρισμού παπουτσιών ""Care Kit"" Λευκό ONE SIZE","9-4637000120|EB2039|8 - Ugg γυναικεία mules suede ""Spring Cottage Clog"" Ταμπά 39","Ugg γυναικεία mules suede ""Spring Cottage Clog"" Ταμπά 39",UGG - ΚΑΛΟΓΗΡΟΥ
"9-4637000132|ED5126|1 - Ugg σετ καθαρισμού παπουτσιών ""Care Kit"" Λευκό ONE SIZE","Ugg σετ καθαρισμού παπουτσιών ""Care Kit"" Λευκό ONE SIZE","9-4637000126|EE5936|6 - Ugg γυναικεία πέδιλα ""GoldenGlow"" Μαύρο 37","Ugg γυναικεία πέδιλα ""GoldenGlow"" Μαύρο 37",UGG - ΚΑΛΟΓΗΡΟΥ
"9-4637000132|ED5126|1 - Ugg σετ καθαρισμού παπουτσιών ""Care Kit"" Λευκό ONE SIZE","Ugg σετ καθαρισμού παπουτσιών ""Care Kit"" Λευκό ONE SIZE","9-4637000126|EE5936|9 - Ugg γυναικεία πέδιλα ""GoldenGlow"" Μαύρο 40","Ugg γυναικεία πέδιλα ""GoldenGlow"" Μαύρο 40",UGG - ΚΑΛΟΓΗΡΟΥ
9-4817000000 - Furia Hand Cleansing Gel Oud Oriental Furia Hand Cleansing Gel Oud Oriental 500 ml,Furia Hand Cleansing Gel Oud Oriental Furia Hand Cleansing Gel Oud Oriental 500 ml,9-4817000002 - Furia Hand Cleansing Gel Oud Oriental Furia Hand Cleansing Gel Oud Oriental 80 ml,Furia Hand Cleansing Gel Oud Oriental Furia Hand Cleansing Gel Oud Oriental 80 ml,FURIA
9-4817000000 - Furia Hand Cleansing Gel Oud Oriental Furia Hand Cleansing Gel Oud Oriental 500 ml,Furia Hand Cleansing Gel Oud Oriental Furia Hand Cleansing Gel Oud Oriental 500 ml,9-4817000000 - Furia Hand Cleansing Gel Oud Oriental 500ml,Furia Hand Cleansing Gel Oud Oriental 500ml,FURIA
9-4817000000 - Furia Hand Cleansing Gel Oud Oriental Furia Hand Cleansing Gel Oud Oriental 500 ml,Furia Hand Cleansing Gel Oud Oriental Furia Hand Cleansing Gel Oud Oriental 500 ml,9-4817000002 - Furia Hand Cleansing Gel Oud Oriental 80ml,Furia Hand Cleansing Gel Oud Oriental 80ml,FURIA
9-4896001384 - Kiko Milano Unlimited Double Touch 103 Natural Rose,Kiko Milano Unlimited Double Touch 103 Natural Rose,9-4896003805 - Kiko Milano Pure Clean Toner 200 ml,Kiko Milano Pure Clean Toner 200 ml,KIKO MILANO
9-4896001384 - Kiko Milano Unlimited Double Touch 103 Natural Rose,Kiko Milano Unlimited Double Touch 103 Natural Rose,9-4896003454 - Kiko Milano Full Coverage Blurring Powder Foundation Kiko Milano Full Coverage Blurring Powder Foundation 20 Ivory,Kiko Milano Full Coverage Blurring Powder Foundation Kiko Milano Full Coverage Blurring Powder Foundation 20 Ivory,KIKO MILANO
9-4896001384 - Kiko Milano Unlimited Double Touch 103 Natural Rose,Kiko Milano Unlimited Double Touch 103 Natural Rose,9-4896004057 - Kiko Milano High Pigment Eyeshadow 40 Metallic Ballerina Rose,Kiko Milano High Pigment Eyeshadow 40 Metallic Ballerina Rose,KIKO MILANO
3GU1201|G0005|M - Gant ανδρικό σλιπ ''Hip Briefs'' Μαύρο M,Gant ανδρικό σλιπ ''Hip Briefs'' Μαύρο M,3G922016011|G0461|S - Gant ανδρικό μαγιό βερμούδα με lemon flower print Μπλε Σκούρο S,Gant ανδρικό μαγιό βερμούδα με lemon flower print Μπλε Σκούρο S,GANT / ΕΣΩΡΟΥΧΟ -ΜΑΓΙΩ
3GU1201|G0005|M - Gant ανδρικό σλιπ ''Hip Briefs'' Μαύρο M,Gant ανδρικό σλιπ ''Hip Briefs'' Μαύρο M,3GU901832169|G0464|M - Gant σετ ανδρικά εσώρουχα boxer shorts με λογότυπο στο λάστιχο (2 τεμάχια) Μπλε M,Gant σετ ανδρικά εσώρουχα boxer shorts με λογότυπο στο λάστιχο (2 τεμάχια) Μπλε M,GANT / ΕΣΩΡΟΥΧΟ -ΜΑΓΙΩ
3GU1201|G0005|M - Gant ανδρικό σλιπ ''Hip Briefs'' Μαύρο M,Gant ανδρικό σλιπ ''Hip Briefs'' Μαύρο M,3G921916012|G0437|M - Gant ανδρικό μαγιό με σχέδια Γαλάζιο M,Gant ανδρικό μαγιό με σχέδια Γαλάζιο M,GANT / ΕΣΩΡΟΥΧΟ -ΜΑΓΙΩ
900278504279 - Lancôme Hypnôse Drama - Extreme Volume Mascara 8 ml Excessive Black,Lancôme Hypnôse Drama - Extreme Volume Mascara 8 ml Excessive Black,900278504194 - Lancôme Rénergie H.C.F. Triple Serum Eye 20 ml,Lancôme Rénergie H.C.F. Triple Serum Eye 20 ml,LANCOME MAKE-UP
900278504279 - Lancôme Hypnôse Drama - Extreme Volume Mascara 8 ml Excessive Black,Lancôme Hypnôse Drama - Extreme Volume Mascara 8 ml Excessive Black,"959278501958 - Lancôme Hypnôse Volume-À-Porter Mascara 01 Noir Intense 6,5 gr.","Lancôme Hypnôse Volume-À-Porter Mascara 01 Noir Intense 6,5 gr.",LANCOME MAKE-UP
900278504279 - Lancôme Hypnôse Drama - Extreme Volume Mascara 8 ml Excessive Black,Lancôme Hypnôse Drama - Extreme Volume Mascara 8 ml Excessive Black,979278502532 - Lancôme Miel en Mousse 200 ml,Lancôme Miel en Mousse 200 ml,LANCOME MAKE-UP
9-4896000575 - Kiko Milano Standout Volume Buildable Mascara 11.5 ml,Kiko Milano Standout Volume Buildable Mascara 11.5 ml,9-4896003805 - Kiko Milano Pure Clean Toner 200 ml,Kiko Milano Pure Clean Toner 200 ml,KIKO MILANO
9-4896000575 - Kiko Milano Standout Volume Buildable Mascara 11.5 ml,Kiko Milano Standout Volume Buildable Mascara 11.5 ml,9-4896003454 - Kiko Milano Full Coverage Blurring Powder Foundation Kiko Milano Full Coverage Blurring Powder Foundation 20 Ivory,Kiko Milano Full Coverage Blurring Powder Foundation Kiko Milano Full Coverage Blurring Powder Foundation 20 Ivory,KIKO MILANO
9-4896000575 - Kiko Milano Standout Volume Buildable Mascara 11.5 ml,Kiko Milano Standout Volume Buildable Mascara 11.5 ml,9-4896004057 - Kiko Milano High Pigment Eyeshadow 40 Metallic Ballerina Rose,Kiko Milano High Pigment Eyeshadow 40 Metallic Ballerina Rose,KIKO MILANO
9-4896000227 - Kiko Milano New Unmeasurable Length Mascara 11 ml,Kiko Milano New Unmeasurable Length Mascara 11 ml,9-4896003805 - Kiko Milano Pure Clean Toner 200 ml,Kiko Milano Pure Clean Toner 200 ml,KIKO MILANO
9-4896000227 - Kiko Milano New Unmeasurable Length Mascara 11 ml,Kiko Milano New Unmeasurable Length Mascara 11 ml,9-4896003454 - Kiko Milano Full Coverage Blurring Powder Foundation Kiko Milano Full Coverage Blurring Powder Foundation 20 Ivory,Kiko Milano Full Coverage Blurring Powder Foundation Kiko Milano Full Coverage Blurring Powder Foundation 20 Ivory,KIKO MILANO
9-4896000227 - Kiko Milano New Unmeasurable Length Mascara 11 ml,Kiko Milano New Unmeasurable Length Mascara 11 ml,9-4896004057 - Kiko Milano High Pigment Eyeshadow 40 Metallic Ballerina Rose,Kiko Milano High Pigment Eyeshadow 40 Metallic Ballerina Rose,KIKO MILANO
9-4896001468 - Kiko Milano 3D Hydra Lipgloss 06 Candy Rose,Kiko Milano 3D Hydra Lipgloss 06 Candy Rose,9-4896003805 - Kiko Milano Pure Clean Toner 200 ml,Kiko Milano Pure Clean Toner 200 ml,KIKO MILANO
9-4896001468 - Kiko Milano 3D Hydra Lipgloss 06 Candy Rose,Kiko Milano 3D Hydra Lipgloss 06 Candy Rose,9-4896003454 - Kiko Milano Full Coverage Blurring Powder Foundation Kiko Milano Full Coverage Blurring Powder Foundation 20 Ivory,Kiko Milano Full Coverage Blurring Powder Foundation Kiko Milano Full Coverage Blurring Powder Foundation 20 Ivory,KIKO MILANO
9-4896001468 - Kiko Milano 3D Hydra Lipgloss 06 Candy Rose,Kiko Milano 3D Hydra Lipgloss 06 Candy Rose,9-4896004057 - Kiko Milano High Pigment Eyeshadow 40 Metallic Ballerina Rose,Kiko Milano High Pigment Eyeshadow 40 Metallic Ballerina Rose,KIKO MILANO
1084783 - Shiseido UV Protective Compact Foundation SPF30 12 gr Medium Beige,Shiseido UV Protective Compact Foundation SPF30 12 gr Medium Beige,1054594 - Shiseido Synchro Skin Self Refreshing Cushion Compact Shiseido Synchro Skin Self Refreshing Cushion Compact 230 Alder 13 gr,Shiseido Synchro Skin Self Refreshing Cushion Compact Shiseido Synchro Skin Self Refreshing Cushion Compact 230 Alder 13 gr,SHISEIDO
1084783 - Shiseido UV Protective Compact Foundation SPF30 12 gr Medium Beige,Shiseido UV Protective Compact Foundation SPF30 12 gr Medium Beige,1083908 - Shiseido Benefiance Eyecare Set,Shiseido Benefiance Eyecare Set,SHISEIDO
1084783 - Shiseido UV Protective Compact Foundation SPF30 12 gr Medium Beige,Shiseido UV Protective Compact Foundation SPF30 12 gr Medium Beige,1059574 - Shiseido Essential Energy Hydrating Day Cream Spf20 50 ml,Shiseido Essential Energy Hydrating Day Cream Spf20 50 ml,SHISEIDO
9-4896002368 - Kiko Milano Long Lasting Colour Lip Marker 106 Apple Red,Kiko Milano Long Lasting Colour Lip Marker 106 Apple Red,9-4896003805 - Kiko Milano Pure Clean Toner 200 ml,Kiko Milano Pure Clean Toner 200 ml,KIKO MILANO
9-4896002368 - Kiko Milano Long Lasting Colour Lip Marker 106 Apple Red,Kiko Milano Long Lasting Colour Lip Marker 106 Apple Red,9-4896003454 - Kiko Milano Full Coverage Blurring Powder Foundation Kiko Milano Full Coverage Blurring Powder Foundation 20 Ivory,Kiko Milano Full Coverage Blurring Powder Foundation Kiko Milano Full Coverage Blurring Powder Foundation 20 Ivory,KIKO MILANO
9-4896002368 - Kiko Milano Long Lasting Colour Lip Marker 106 Apple Red,Kiko Milano Long Lasting Colour Lip Marker 106 Apple Red,9-4896004057 - Kiko Milano High Pigment Eyeshadow 40 Metallic Ballerina Rose,Kiko Milano High Pigment Eyeshadow 40 Metallic Ballerina Rose,KIKO MILANO
9-4896004162 - Kiko Milano Sculpting Touch Creamy Stick Contour 200 Hazelnut,Kiko Milano Sculpting Touch Creamy Stick Contour 200 Hazelnut,9-4896003805 - Kiko Milano Pure Clean Toner 200 ml,Kiko Milano Pure Clean Toner 200 ml,KIKO MILANO
9-4896004162 - Kiko Milano Sculpting Touch Creamy Stick Contour 200 Hazelnut,Kiko Milano Sculpting Touch Creamy Stick Contour 200 Hazelnut,9-4896003454 - Kiko Milano Full Coverage Blurring Powder Foundation Kiko Milano Full Coverage Blurring Powder Foundation 20 Ivory,Kiko Milano Full Coverage Blurring Powder Foundation Kiko Milano Full Coverage Blurring Powder Foundation 20 Ivory,KIKO MILANO
9-4896004162 - Kiko Milano Sculpting Touch Creamy Stick Contour 200 Hazelnut,Kiko Milano Sculpting Touch Creamy Stick Contour 200 Hazelnut,9-4896004057 - Kiko Milano High Pigment Eyeshadow 40 Metallic Ballerina Rose,Kiko Milano High Pigment Eyeshadow 40 Metallic Ballerina Rose,KIKO MILANO
"9-4896003858 - Kiko Milano Create Your Balance Nourishing Lip Balm 3,5 g","Kiko Milano Create Your Balance Nourishing Lip Balm 3,5 g",9-4896003805 - Kiko Milano Pure Clean Toner 200 ml,Kiko Milano Pure Clean Toner 200 ml,KIKO MILANO
"9-4896003858 - Kiko Milano Create Your Balance Nourishing Lip Balm 3,5 g","Kiko Milano Create Your Balance Nourishing Lip Balm 3,5 g",9-4896003454 - Kiko Milano Full Coverage Blurring Powder Foundation Kiko Milano Full Coverage Blurring Powder Foundation 20 Ivory,Kiko Milano Full Coverage Blurring Powder Foundation Kiko Milano Full Coverage Blurring Powder Foundation 20 Ivory,KIKO MILANO
"9-4896003858 - Kiko Milano Create Your Balance Nourishing Lip Balm 3,5 g","Kiko Milano Create Your Balance Nourishing Lip Balm 3,5 g",9-4896004057 - Kiko Milano High Pigment Eyeshadow 40 Metallic Ballerina Rose,Kiko Milano High Pigment Eyeshadow 40 Metallic Ballerina Rose,KIKO MILANO
1052194 - Narciso Rodriguez For Her Pure Musc Eau de Parfum 100ml,Narciso Rodriguez For Her Pure Musc Eau de Parfum 100ml,1047084 - Narciso Rodriguez Narciso Eau de Parfum Poudrée 90ml,Narciso Rodriguez Narciso Eau de Parfum Poudrée 90ml,NARCISO RODRIGUEZ
1052194 - Narciso Rodriguez For Her Pure Musc Eau de Parfum 100ml,Narciso Rodriguez For Her Pure Musc Eau de Parfum 100ml,1059829 - Narciso Rodriguez For Her Musc Noir Rose Eau de Parfum Vapo 50ml,Narciso Rodriguez For Her Musc Noir Rose Eau de Parfum Vapo 50ml,NARCISO RODRIGUEZ
1052194 - Narciso Rodriguez For Her Pure Musc Eau de Parfum 100ml,Narciso Rodriguez For Her Pure Musc Eau de Parfum 100ml,1031454 - Narciso Rodriguez For Her Eau de Parfum Spray 50ml,Narciso Rodriguez For Her Eau de Parfum Spray 50ml,NARCISO RODRIGUEZ
9-4896001480 - Kiko Milano 3D Hydra Lipgloss 19 Cream Cashmere,Kiko Milano 3D Hydra Lipgloss 19 Cream Cashmere,9-4896003805 - Kiko Milano Pure Clean Toner 200 ml,Kiko Milano Pure Clean Toner 200 ml,KIKO MILANO
9-4896001480 - Kiko Milano 3D Hydra Lipgloss 19 Cream Cashmere,Kiko Milano 3D Hydra Lipgloss 19 Cream Cashmere,9-4896003454 - Kiko Milano Full Coverage Blurring Powder Foundation Kiko Milano Full Coverage Blurring Powder Foundation 20 Ivory,Kiko Milano Full Coverage Blurring Powder Foundation Kiko Milano Full Coverage Blurring Powder Foundation 20 Ivory,KIKO MILANO
9-4896001480 - Kiko Milano 3D Hydra Lipgloss 19 Cream Cashmere,Kiko Milano 3D Hydra Lipgloss 19 Cream Cashmere,9-4896004057 - Kiko Milano High Pigment Eyeshadow 40 Metallic Ballerina Rose,Kiko Milano High Pigment Eyeshadow 40 Metallic Ballerina Rose,KIKO MILANO
"9-4156001237|EE7960|OSZ - Lauren Ralph Lauren γυναικεία τσάντα χειρός μονόχρωμη με contrast λεπτομέρειες ""Large Marcy Satchel"" Μαύρο ONE SIZE","Lauren Ralph Lauren γυναικεία τσάντα χειρός μονόχρωμη με contrast λεπτομέρειες ""Large Marcy Satchel"" Μαύρο ONE SIZE","9-4156001188|EA3322|OSZ - Lauren Ralph Lauren γυναικεία δερμάτινη τσάντα tote μονόχρωμη με σταμπωτό logo πίσω ""Karly Large"" Εκρού ONE SIZE","Lauren Ralph Lauren γυναικεία δερμάτινη τσάντα tote μονόχρωμη με σταμπωτό logo πίσω ""Karly Large"" Εκρού ONE SIZE",LAUREN BAGS
"9-4156001237|EE7960|OSZ - Lauren Ralph Lauren γυναικεία τσάντα χειρός μονόχρωμη με contrast λεπτομέρειες ""Large Marcy Satchel"" Μαύρο ONE SIZE","Lauren Ralph Lauren γυναικεία τσάντα χειρός μονόχρωμη με contrast λεπτομέρειες ""Large Marcy Satchel"" Μαύρο ONE SIZE","9-4156001182|EE1149|OSZ - Lauren Ralph Lauren γυναικεία δερμάτινη τσάντα crossbody μονόχρωμη με ανάγλυφη λεπτομέρεια ""Cameryn Large"" Μαύρο ONE SIZE","Lauren Ralph Lauren γυναικεία δερμάτινη τσάντα crossbody μονόχρωμη με ανάγλυφη λεπτομέρεια ""Cameryn Large"" Μαύρο ONE SIZE",LAUREN BAGS
"9-4156001237|EE7960|OSZ - Lauren Ralph Lauren γυναικεία τσάντα χειρός μονόχρωμη με contrast λεπτομέρειες ""Large Marcy Satchel"" Μαύρο ONE SIZE","Lauren Ralph Lauren γυναικεία τσάντα χειρός μονόχρωμη με contrast λεπτομέρειες ""Large Marcy Satchel"" Μαύρο ONE SIZE",9-4156001158|EA2008|OSZ - Lauren Ralph Lauren γυναικεία τσάντα tote διπλής όψης με σταμπωτό διακριτικό λογότυπο Μαύρο ONE SIZE,Lauren Ralph Lauren γυναικεία τσάντα tote διπλής όψης με σταμπωτό διακριτικό λογότυπο Μαύρο ONE SIZE,LAUREN BAGS
9-4896004191 - Kiko Milano Smart Blush 06 Mauve,Kiko Milano Smart Blush 06 Mauve,9-4896003805 - Kiko Milano Pure Clean Toner 200 ml,Kiko Milano Pure Clean Toner 200 ml,KIKO MILANO
9-4896004191 - Kiko Milano Smart Blush 06 Mauve,Kiko Milano Smart Blush 06 Mauve,9-4896003454 - Kiko Milano Full Coverage Blurring Powder Foundation Kiko Milano Full Coverage Blurring Powder Foundation 20 Ivory,Kiko Milano Full Coverage Blurring Powder Foundation Kiko Milano Full Coverage Blurring Powder Foundation 20 Ivory,KIKO MILANO
9-4896004191 - Kiko Milano Smart Blush 06 Mauve,Kiko Milano Smart Blush 06 Mauve,9-4896004057 - Kiko Milano High Pigment Eyeshadow 40 Metallic Ballerina Rose,Kiko Milano High Pigment Eyeshadow 40 Metallic Ballerina Rose,KIKO MILANO
1057230 - Yves Rocher Monoi De Tahiti Eau De Toilette 100 ml,Yves Rocher Monoi De Tahiti Eau De Toilette 100 ml,1051046 - Yves Rocher Relaxing Bath and Shower Gel Cotton Flower Mimosa Yves Rocher Relaxing Bath and Shower Gel Cotton Flower Mimosa 400 ml ,Yves Rocher Relaxing Bath and Shower Gel Cotton Flower Mimosa Yves Rocher Relaxing Bath and Shower Gel Cotton Flower Mimosa 400 ml ,YVES ROCHER
1057230 - Yves Rocher Monoi De Tahiti Eau De Toilette 100 ml,Yves Rocher Monoi De Tahiti Eau De Toilette 100 ml,1048780 - Yves Rocher Sensual Shower Gel Tiaré Flower Ylang Ylang 400 ml ,Yves Rocher Sensual Shower Gel Tiaré Flower Ylang Ylang 400 ml ,YVES ROCHER
1057230 - Yves Rocher Monoi De Tahiti Eau De Toilette 100 ml,Yves Rocher Monoi De Tahiti Eau De Toilette 100 ml,1082937 - Yves Rocher Frozen Lychee Bath & Shower Gel 400 ml,Yves Rocher Frozen Lychee Bath & Shower Gel 400 ml,YVES ROCHER
9-4637000115|EB2039|7 - Ugg γυναικεία suede μποτάκια με ενισχυμένη σόλα Καμηλό 38,Ugg γυναικεία suede μποτάκια με ενισχυμένη σόλα Καμηλό 38,"9-4637000120|EB2039|8 - Ugg γυναικεία mules suede ""Spring Cottage Clog"" Ταμπά 39","Ugg γυναικεία mules suede ""Spring Cottage Clog"" Ταμπά 39",UGG - ΚΑΛΟΓΗΡΟΥ
9-4637000115|EB2039|7 - Ugg γυναικεία suede μποτάκια με ενισχυμένη σόλα Καμηλό 38,Ugg γυναικεία suede μποτάκια με ενισχυμένη σόλα Καμηλό 38,"9-4637000126|EE5936|6 - Ugg γυναικεία πέδιλα ""GoldenGlow"" Μαύρο 37","Ugg γυναικεία πέδιλα ""GoldenGlow"" Μαύρο 37",UGG - ΚΑΛΟΓΗΡΟΥ
9-4637000115|EB2039|7 - Ugg γυναικεία suede μποτάκια με ενισχυμένη σόλα Καμηλό 38,Ugg γυναικεία suede μποτάκια με ενισχυμένη σόλα Καμηλό 38,"9-4637000126|EE5936|9 - Ugg γυναικεία πέδιλα ""GoldenGlow"" Μαύρο 40","Ugg γυναικεία πέδιλα ""GoldenGlow"" Μαύρο 40",UGG - ΚΑΛΟΓΗΡΟΥ
9-5289000011 - Chiara Ferragni Lip Kit - Kiss Essential Nude Beige Nude Beige,Chiara Ferragni Lip Kit - Kiss Essential Nude Beige Nude Beige,9-5289000035 - Chiara Ferragni Eyeshadow Palette Platinum Edition,Chiara Ferragni Eyeshadow Palette Platinum Edition,CHIARA FERRAGNI
9-5289000011 - Chiara Ferragni Lip Kit - Kiss Essential Nude Beige Nude Beige,Chiara Ferragni Lip Kit - Kiss Essential Nude Beige Nude Beige,9-5289000007 - Chiara Ferragni Gloss - Glossy Temptation 8 ml 04 Nude Beige,Chiara Ferragni Gloss - Glossy Temptation 8 ml 04 Nude Beige,CHIARA FERRAGNI
9-5289000011 - Chiara Ferragni Lip Kit - Kiss Essential Nude Beige Nude Beige,Chiara Ferragni Lip Kit - Kiss Essential Nude Beige Nude Beige,9-5289000039 - Chiara Ferragni Balm - Kiss Me Softly 3 gr 02 Invisible,Chiara Ferragni Balm - Kiss Me Softly 3 gr 02 Invisible,CHIARA FERRAGNI
900278504194 - Lancôme Rénergie H.C.F. Triple Serum Eye 20 ml,Lancôme Rénergie H.C.F. Triple Serum Eye 20 ml,"959278501958 - Lancôme Hypnôse Volume-À-Porter Mascara 01 Noir Intense 6,5 gr.","Lancôme Hypnôse Volume-À-Porter Mascara 01 Noir Intense 6,5 gr.",LANCOME MAKE-UP
900278504194 - Lancôme Rénergie H.C.F. Triple Serum Eye 20 ml,Lancôme Rénergie H.C.F. Triple Serum Eye 20 ml,979278502532 - Lancôme Miel en Mousse 200 ml,Lancôme Miel en Mousse 200 ml,LANCOME MAKE-UP
900278504194 - Lancôme Rénergie H.C.F. Triple Serum Eye 20 ml,Lancôme Rénergie H.C.F. Triple Serum Eye 20 ml,900278504279 - Lancôme Hypnôse Drama - Extreme Volume Mascara 8 ml Excessive Black,Lancôme Hypnôse Drama - Extreme Volume Mascara 8 ml Excessive Black,LANCOME MAKE-UP
1058844 - Clarins Double Serum Eye 20 ml,Clarins Double Serum Eye 20 ml,1080926 - Clarins Super Restorative Abdomen & Waist Balm 200 ml,Clarins Super Restorative Abdomen & Waist Balm 200 ml,CLARINS
1058844 - Clarins Double Serum Eye 20 ml,Clarins Double Serum Eye 20 ml,1083978 - Clarins Body Fit Active 200ml,Clarins Body Fit Active 200ml,CLARINS
1058844 - Clarins Double Serum Eye 20 ml,Clarins Double Serum Eye 20 ml,1055965 - Clarins Nutri-Lumiere Day Cream Emulsion 50 ml,Clarins Nutri-Lumiere Day Cream Emulsion 50 ml,CLARINS
9-4896001470 - Kiko Milano 3D Hydra Lipgloss 08 Natural Rosewood,Kiko Milano 3D Hydra Lipgloss 08 Natural Rosewood,9-4896003805 - Kiko Milano Pure Clean Toner 200 ml,Kiko Milano Pure Clean Toner 200 ml,KIKO MILANO
9-4896001470 - Kiko Milano 3D Hydra Lipgloss 08 Natural Rosewood,Kiko Milano 3D Hydra Lipgloss 08 Natural Rosewood,9-4896003454 - Kiko Milano Full Coverage Blurring Powder Foundation Kiko Milano Full Coverage Blurring Powder Foundation 20 Ivory,Kiko Milano Full Coverage Blurring Powder Foundation Kiko Milano Full Coverage Blurring Powder Foundation 20 Ivory,KIKO MILANO
9-4896001470 - Kiko Milano 3D Hydra Lipgloss 08 Natural Rosewood,Kiko Milano 3D Hydra Lipgloss 08 Natural Rosewood,9-4896004057 - Kiko Milano High Pigment Eyeshadow 40 Metallic Ballerina Rose,Kiko Milano High Pigment Eyeshadow 40 Metallic Ballerina Rose,KIKO MILANO
9-4896002401 - Kiko Milano Eyebrow Expert Palette 01 Blonde,Kiko Milano Eyebrow Expert Palette 01 Blonde,9-4896003805 - Kiko Milano Pure Clean Toner 200 ml,Kiko Milano Pure Clean Toner 200 ml,KIKO MILANO
9-4896002401 - Kiko Milano Eyebrow Expert Palette 01 Blonde,Kiko Milano Eyebrow Expert Palette 01 Blonde,9-4896003454 - Kiko Milano Full Coverage Blurring Powder Foundation Kiko Milano Full Coverage Blurring Powder Foundation 20 Ivory,Kiko Milano Full Coverage Blurring Powder Foundation Kiko Milano Full Coverage Blurring Powder Foundation 20 Ivory,KIKO MILANO
9-4896002401 - Kiko Milano Eyebrow Expert Palette 01 Blonde,Kiko Milano Eyebrow Expert Palette 01 Blonde,9-4896004057 - Kiko Milano High Pigment Eyeshadow 40 Metallic Ballerina Rose,Kiko Milano High Pigment Eyeshadow 40 Metallic Ballerina Rose,KIKO MILANO
9-2077004263 - Estée Lauder Revitalizing Supreme+ Night Power Bounce Crème 50 ml,Estée Lauder Revitalizing Supreme+ Night Power Bounce Crème 50 ml,9-2077003898 - Estée Lauder Mini Revitalizing Supreme+ Youth Power Crème 15 ml,Estée Lauder Mini Revitalizing Supreme+ Youth Power Crème 15 ml,ESTEE LAUDER
9-2077004263 - Estée Lauder Revitalizing Supreme+ Night Power Bounce Crème 50 ml,Estée Lauder Revitalizing Supreme+ Night Power Bounce Crème 50 ml,9-2077003853 - Estée Lauder Bronze Goddess Healthy Glow Bronzer Deep,Estée Lauder Bronze Goddess Healthy Glow Bronzer Deep,ESTEE LAUDER
9-2077004263 - Estée Lauder Revitalizing Supreme+ Night Power Bounce Crème 50 ml,Estée Lauder Revitalizing Supreme+ Night Power Bounce Crème 50 ml,919207702337 - Estée Lauder Double Wear Maximum Cover Camouflage Makeup For Face & Body SPF 15 Estée Lauder Double Wear Maximum Cover Camouflage Makeup For Face & Body SPF 15 3C4 Medium/Deep 30 ml,Estée Lauder Double Wear Maximum Cover Camouflage Makeup For Face & Body SPF 15 Estée Lauder Double Wear Maximum Cover Camouflage Makeup For Face & Body SPF 15 3C4 Medium/Deep 30 ml,ESTEE LAUDER
9-4896004119 - Kiko Milano 3D Hydra Lipgloss - Limited Edition 44 Disruptive Brown,Kiko Milano 3D Hydra Lipgloss - Limited Edition 44 Disruptive Brown,9-4896003805 - Kiko Milano Pure Clean Toner 200 ml,Kiko Milano Pure Clean Toner 200 ml,KIKO MILANO
9-4896004119 - Kiko Milano 3D Hydra Lipgloss - Limited Edition 44 Disruptive Brown,Kiko Milano 3D Hydra Lipgloss - Limited Edition 44 Disruptive Brown,9-4896003454 - Kiko Milano Full Coverage Blurring Powder Foundation Kiko Milano Full Coverage Blurring Powder Foundation 20 Ivory,Kiko Milano Full Coverage Blurring Powder Foundation Kiko Milano Full Coverage Blurring Powder Foundation 20 Ivory,KIKO MILANO
9-4896004119 - Kiko Milano 3D Hydra Lipgloss - Limited Edition 44 Disruptive Brown,Kiko Milano 3D Hydra Lipgloss - Limited Edition 44 Disruptive Brown,9-4896004057 - Kiko Milano High Pigment Eyeshadow 40 Metallic Ballerina Rose,Kiko Milano High Pigment Eyeshadow 40 Metallic Ballerina Rose,KIKO MILANO
9-4817000002 - Furia Hand Cleansing Gel Oud Oriental Furia Hand Cleansing Gel Oud Oriental 80 ml,Furia Hand Cleansing Gel Oud Oriental Furia Hand Cleansing Gel Oud Oriental 80 ml,9-4817000000 - Furia Hand Cleansing Gel Oud Oriental Furia Hand Cleansing Gel Oud Oriental 500 ml,Furia Hand Cleansing Gel Oud Oriental Furia Hand Cleansing Gel Oud Oriental 500 ml,FURIA
9-4817000002 - Furia Hand Cleansing Gel Oud Oriental Furia Hand Cleansing Gel Oud Oriental 80 ml,Furia Hand Cleansing Gel Oud Oriental Furia Hand Cleansing Gel Oud Oriental 80 ml,9-4817000000 - Furia Hand Cleansing Gel Oud Oriental 500ml,Furia Hand Cleansing Gel Oud Oriental 500ml,FURIA
9-4817000002 - Furia Hand Cleansing Gel Oud Oriental Furia Hand Cleansing Gel Oud Oriental 80 ml,Furia Hand Cleansing Gel Oud Oriental Furia Hand Cleansing Gel Oud Oriental 80 ml,9-4817000002 - Furia Hand Cleansing Gel Oud Oriental 80ml,Furia Hand Cleansing Gel Oud Oriental 80ml,FURIA
9-4896003918 - Kiko Milano Sculpting Touch Creamy Stick Contour 201 Chocolate,Kiko Milano Sculpting Touch Creamy Stick Contour 201 Chocolate,9-4896003805 - Kiko Milano Pure Clean Toner 200 ml,Kiko Milano Pure Clean Toner 200 ml,KIKO MILANO
9-4896003918 - Kiko Milano Sculpting Touch Creamy Stick Contour 201 Chocolate,Kiko Milano Sculpting Touch Creamy Stick Contour 201 Chocolate,9-4896003454 - Kiko Milano Full Coverage Blurring Powder Foundation Kiko Milano Full Coverage Blurring Powder Foundation 20 Ivory,Kiko Milano Full Coverage Blurring Powder Foundation Kiko Milano Full Coverage Blurring Powder Foundation 20 Ivory,KIKO MILANO
9-4896003918 - Kiko Milano Sculpting Touch Creamy Stick Contour 201 Chocolate,Kiko Milano Sculpting Touch Creamy Stick Contour 201 Chocolate,9-4896004057 - Kiko Milano High Pigment Eyeshadow 40 Metallic Ballerina Rose,Kiko Milano High Pigment Eyeshadow 40 Metallic Ballerina Rose,KIKO MILANO
9-4896004138 - Kiko Milano New Maxi Mod Mascara 12 ml,Kiko Milano New Maxi Mod Mascara 12 ml,9-4896003805 - Kiko Milano Pure Clean Toner 200 ml,Kiko Milano Pure Clean Toner 200 ml,KIKO MILANO
9-4896004138 - Kiko Milano New Maxi Mod Mascara 12 ml,Kiko Milano New Maxi Mod Mascara 12 ml,9-4896003454 - Kiko Milano Full Coverage Blurring Powder Foundation Kiko Milano Full Coverage Blurring Powder Foundation 20 Ivory,Kiko Milano Full Coverage Blurring Powder Foundation Kiko Milano Full Coverage Blurring Powder Foundation 20 Ivory,KIKO MILANO
9-4896004138 - Kiko Milano New Maxi Mod Mascara 12 ml,Kiko Milano New Maxi Mod Mascara 12 ml,9-4896004057 - Kiko Milano High Pigment Eyeshadow 40 Metallic Ballerina Rose,Kiko Milano High Pigment Eyeshadow 40 Metallic Ballerina Rose,KIKO MILANO
1083531 - Guerlain Aqua Allegoria Florabloom Forte  Eau de Parfum 75ml,Guerlain Aqua Allegoria Florabloom Forte  Eau de Parfum 75ml,1058939 - Guerlain KissKiss Tender Matte Guerlain KissKiss Tender Matte 910 Wanted Red,Guerlain KissKiss Tender Matte Guerlain KissKiss Tender Matte 910 Wanted Red,GUERLAIN
1083531 - Guerlain Aqua Allegoria Florabloom Forte  Eau de Parfum 75ml,Guerlain Aqua Allegoria Florabloom Forte  Eau de Parfum 75ml,1083857 - Guerlain L'Homme Idéal Le Parfum Eau de Parfum 100 ml,Guerlain L'Homme Idéal Le Parfum Eau de Parfum 100 ml,GUERLAIN
1083531 - Guerlain Aqua Allegoria Florabloom Forte  Eau de Parfum 75ml,Guerlain Aqua Allegoria Florabloom Forte  Eau de Parfum 75ml,1082791 - Guerlain Abeille Royale Advanced Youth Watery Oil 30ml,Guerlain Abeille Royale Advanced Youth Watery Oil 30ml,GUERLAIN
1084042 - Clarins Gentle Care Roll-On Deodorant 50 ml,Clarins Gentle Care Roll-On Deodorant 50 ml,1080926 - Clarins Super Restorative Abdomen & Waist Balm 200 ml,Clarins Super Restorative Abdomen & Waist Balm 200 ml,CLARINS
1084042 - Clarins Gentle Care Roll-On Deodorant 50 ml,Clarins Gentle Care Roll-On Deodorant 50 ml,1083978 - Clarins Body Fit Active 200ml,Clarins Body Fit Active 200ml,CLARINS
1084042 - Clarins Gentle Care Roll-On Deodorant 50 ml,Clarins Gentle Care Roll-On Deodorant 50 ml,1055965 - Clarins Nutri-Lumiere Day Cream Emulsion 50 ml,Clarins Nutri-Lumiere Day Cream Emulsion 50 ml,CLARINS
9-4896001399 - Kiko Milano Unlimited Double Touch 120 Rosy Mauve,Kiko Milano Unlimited Double Touch 120 Rosy Mauve,9-4896003805 - Kiko Milano Pure Clean Toner 200 ml,Kiko Milano Pure Clean Toner 200 ml,KIKO MILANO
9-4896001399 - Kiko Milano Unlimited Double Touch 120 Rosy Mauve,Kiko Milano Unlimited Double Touch 120 Rosy Mauve,9-4896003454 - Kiko Milano Full Coverage Blurring Powder Foundation Kiko Milano Full Coverage Blurring Powder Foundation 20 Ivory,Kiko Milano Full Coverage Blurring Powder Foundation Kiko Milano Full Coverage Blurring Powder Foundation 20 Ivory,KIKO MILANO
9-4896001399 - Kiko Milano Unlimited Double Touch 120 Rosy Mauve,Kiko Milano Unlimited Double Touch 120 Rosy Mauve,9-4896004057 - Kiko Milano High Pigment Eyeshadow 40 Metallic Ballerina Rose,Kiko Milano High Pigment Eyeshadow 40 Metallic Ballerina Rose,KIKO MILANO
1081043 - Clarins Body-Smoothing Moisture Milk 400 ml,Clarins Body-Smoothing Moisture Milk 400 ml,1080926 - Clarins Super Restorative Abdomen & Waist Balm 200 ml,Clarins Super Restorative Abdomen & Waist Balm 200 ml,CLARINS
1081043 - Clarins Body-Smoothing Moisture Milk 400 ml,Clarins Body-Smoothing Moisture Milk 400 ml,1083978 - Clarins Body Fit Active 200ml,Clarins Body Fit Active 200ml,CLARINS
1081043 - Clarins Body-Smoothing Moisture Milk 400 ml,Clarins Body-Smoothing Moisture Milk 400 ml,1055965 - Clarins Nutri-Lumiere Day Cream Emulsion 50 ml,Clarins Nutri-Lumiere Day Cream Emulsion 50 ml,CLARINS
9-4896000569 - Kiko Milano Extra Sculpt Volume Mascara 11 ml,Kiko Milano Extra Sculpt Volume Mascara 11 ml,9-4896003805 - Kiko Milano Pure Clean Toner 200 ml,Kiko Milano Pure Clean Toner 200 ml,KIKO MILANO
9-4896000569 - Kiko Milano Extra Sculpt Volume Mascara 11 ml,Kiko Milano Extra Sculpt Volume Mascara 11 ml,9-4896003454 - Kiko Milano Full Coverage Blurring Powder Foundation Kiko Milano Full Coverage Blurring Powder Foundation 20 Ivory,Kiko Milano Full Coverage Blurring Powder Foundation Kiko Milano Full Coverage Blurring Powder Foundation 20 Ivory,KIKO MILANO
9-4896000569 - Kiko Milano Extra Sculpt Volume Mascara 11 ml,Kiko Milano Extra Sculpt Volume Mascara 11 ml,9-4896004057 - Kiko Milano High Pigment Eyeshadow 40 Metallic Ballerina Rose,Kiko Milano High Pigment Eyeshadow 40 Metallic Ballerina Rose,KIKO MILANO
3GU3233|G0005|S - Gant ανδρικό σετ μποξεράκια μονόχρωμα (3 τεμάχια) Μαύρο S,Gant ανδρικό σετ μποξεράκια μονόχρωμα (3 τεμάχια) Μαύρο S,3G922016011|G0461|S - Gant ανδρικό μαγιό βερμούδα με lemon flower print Μπλε Σκούρο S,Gant ανδρικό μαγιό βερμούδα με lemon flower print Μπλε Σκούρο S,GANT / ΕΣΩΡΟΥΧΟ -ΜΑΓΙΩ
3GU3233|G0005|S - Gant ανδρικό σετ μποξεράκια μονόχρωμα (3 τεμάχια) Μαύρο S,Gant ανδρικό σετ μποξεράκια μονόχρωμα (3 τεμάχια) Μαύρο S,3GU901832169|G0464|M - Gant σετ ανδρικά εσώρουχα boxer shorts με λογότυπο στο λάστιχο (2 τεμάχια) Μπλε M,Gant σετ ανδρικά εσώρουχα boxer shorts με λογότυπο στο λάστιχο (2 τεμάχια) Μπλε M,GANT / ΕΣΩΡΟΥΧΟ -ΜΑΓΙΩ
3GU3233|G0005|S - Gant ανδρικό σετ μποξεράκια μονόχρωμα (3 τεμάχια) Μαύρο S,Gant ανδρικό σετ μποξεράκια μονόχρωμα (3 τεμάχια) Μαύρο S,3G921916012|G0437|M - Gant ανδρικό μαγιό με σχέδια Γαλάζιο M,Gant ανδρικό μαγιό με σχέδια Γαλάζιο M,GANT / ΕΣΩΡΟΥΧΟ -ΜΑΓΙΩ
9-4896003447 - Kiko Milano Hydra Pro Glow ,Kiko Milano Hydra Pro Glow ,9-4896003805 - Kiko Milano Pure Clean Toner 200 ml,Kiko Milano Pure Clean Toner 200 ml,KIKO MILANO
9-4896003447 - Kiko Milano Hydra Pro Glow ,Kiko Milano Hydra Pro Glow ,9-4896003454 - Kiko Milano Full Coverage Blurring Powder Foundation Kiko Milano Full Coverage Blurring Powder Foundation 20 Ivory,Kiko Milano Full Coverage Blurring Powder Foundation Kiko Milano Full Coverage Blurring Powder Foundation 20 Ivory,KIKO MILANO
9-4896003447 - Kiko Milano Hydra Pro Glow ,Kiko Milano Hydra Pro Glow ,9-4896004057 - Kiko Milano High Pigment Eyeshadow 40 Metallic Ballerina Rose,Kiko Milano High Pigment Eyeshadow 40 Metallic Ballerina Rose,KIKO MILANO
9-4896004084 - Kiko Milano Crazy '90S Unicorn Body Cream,Kiko Milano Crazy '90S Unicorn Body Cream,9-4896003805 - Kiko Milano Pure Clean Toner 200 ml,Kiko Milano Pure Clean Toner 200 ml,KIKO MILANO
9-4896004084 - Kiko Milano Crazy '90S Unicorn Body Cream,Kiko Milano Crazy '90S Unicorn Body Cream,9-4896003454 - Kiko Milano Full Coverage Blurring Powder Foundation Kiko Milano Full Coverage Blurring Powder Foundation 20 Ivory,Kiko Milano Full Coverage Blurring Powder Foundation Kiko Milano Full Coverage Blurring Powder Foundation 20 Ivory,KIKO MILANO
9-4896004084 - Kiko Milano Crazy '90S Unicorn Body Cream,Kiko Milano Crazy '90S Unicorn Body Cream,9-4896004057 - Kiko Milano High Pigment Eyeshadow 40 Metallic Ballerina Rose,Kiko Milano High Pigment Eyeshadow 40 Metallic Ballerina Rose,KIKO MILANO
9-2077003687 - Estée Lauder Advanced Night Repair Synchronized Multi-Recovery Complex 50ml,Estée Lauder Advanced Night Repair Synchronized Multi-Recovery Complex 50ml,9-2077003898 - Estée Lauder Mini Revitalizing Supreme+ Youth Power Crème 15 ml,Estée Lauder Mini Revitalizing Supreme+ Youth Power Crème 15 ml,ESTEE LAUDER
9-2077003687 - Estée Lauder Advanced Night Repair Synchronized Multi-Recovery Complex 50ml,Estée Lauder Advanced Night Repair Synchronized Multi-Recovery Complex 50ml,9-2077003853 - Estée Lauder Bronze Goddess Healthy Glow Bronzer Deep,Estée Lauder Bronze Goddess Healthy Glow Bronzer Deep,ESTEE LAUDER
9-2077003687 - Estée Lauder Advanced Night Repair Synchronized Multi-Recovery Complex 50ml,Estée Lauder Advanced Night Repair Synchronized Multi-Recovery Complex 50ml,919207702337 - Estée Lauder Double Wear Maximum Cover Camouflage Makeup For Face & Body SPF 15 Estée Lauder Double Wear Maximum Cover Camouflage Makeup For Face & Body SPF 15 3C4 Medium/Deep 30 ml,Estée Lauder Double Wear Maximum Cover Camouflage Makeup For Face & Body SPF 15 Estée Lauder Double Wear Maximum Cover Camouflage Makeup For Face & Body SPF 15 3C4 Medium/Deep 30 ml,ESTEE LAUDER
9-4896000315 - Kiko Milano New 30 Days Extension - Night Treatment Booster Mascara 8 ml,Kiko Milano New 30 Days Extension - Night Treatment Booster Mascara 8 ml,9-4896003805 - Kiko Milano Pure Clean Toner 200 ml,Kiko Milano Pure Clean Toner 200 ml,KIKO MILANO
9-4896000315 - Kiko Milano New 30 Days Extension - Night Treatment Booster Mascara 8 ml,Kiko Milano New 30 Days Extension - Night Treatment Booster Mascara 8 ml,9-4896003454 - Kiko Milano Full Coverage Blurring Powder Foundation Kiko Milano Full Coverage Blurring Powder Foundation 20 Ivory,Kiko Milano Full Coverage Blurring Powder Foundation Kiko Milano Full Coverage Blurring Powder Foundation 20 Ivory,KIKO MILANO
9-4896000315 - Kiko Milano New 30 Days Extension - Night Treatment Booster Mascara 8 ml,Kiko Milano New 30 Days Extension - Night Treatment Booster Mascara 8 ml,9-4896004057 - Kiko Milano High Pigment Eyeshadow 40 Metallic Ballerina Rose,Kiko Milano High Pigment Eyeshadow 40 Metallic Ballerina Rose,KIKO MILANO
9-4896001255 - Kiko Milano Maxi Mod Waterproof Mascara 12 ml,Kiko Milano Maxi Mod Waterproof Mascara 12 ml,9-4896003805 - Kiko Milano Pure Clean Toner 200 ml,Kiko Milano Pure Clean Toner 200 ml,KIKO MILANO
9-4896001255 - Kiko Milano Maxi Mod Waterproof Mascara 12 ml,Kiko Milano Maxi Mod Waterproof Mascara 12 ml,9-4896003454 - Kiko Milano Full Coverage Blurring Powder Foundation Kiko Milano Full Coverage Blurring Powder Foundation 20 Ivory,Kiko Milano Full Coverage Blurring Powder Foundation Kiko Milano Full Coverage Blurring Powder Foundation 20 Ivory,KIKO MILANO
9-4896001255 - Kiko Milano Maxi Mod Waterproof Mascara 12 ml,Kiko Milano Maxi Mod Waterproof Mascara 12 ml,9-4896004057 - Kiko Milano High Pigment Eyeshadow 40 Metallic Ballerina Rose,Kiko Milano High Pigment Eyeshadow 40 Metallic Ballerina Rose,KIKO MILANO
9-4896000825 - Kiko Milano Make Up Fixer,Kiko Milano Make Up Fixer,9-4896003805 - Kiko Milano Pure Clean Toner 200 ml,Kiko Milano Pure Clean Toner 200 ml,KIKO MILANO
9-4896000825 - Kiko Milano Make Up Fixer,Kiko Milano Make Up Fixer,9-4896003454 - Kiko Milano Full Coverage Blurring Powder Foundation Kiko Milano Full Coverage Blurring Powder Foundation 20 Ivory,Kiko Milano Full Coverage Blurring Powder Foundation Kiko Milano Full Coverage Blurring Powder Foundation 20 Ivory,KIKO MILANO
9-4896000825 - Kiko Milano Make Up Fixer,Kiko Milano Make Up Fixer,9-4896004057 - Kiko Milano High Pigment Eyeshadow 40 Metallic Ballerina Rose,Kiko Milano High Pigment Eyeshadow 40 Metallic Ballerina Rose,KIKO MILANO
9-4896004117 - Kiko Milano 3D Hydra Lipgloss - Limited Edition 42 Charming Copper,Kiko Milano 3D Hydra Lipgloss - Limited Edition 42 Charming Copper,9-4896003805 - Kiko Milano Pure Clean Toner 200 ml,Kiko Milano Pure Clean Toner 200 ml,KIKO MILANO
9-4896004117 - Kiko Milano 3D Hydra Lipgloss - Limited Edition 42 Charming Copper,Kiko Milano 3D Hydra Lipgloss - Limited Edition 42 Charming Copper,9-4896003454 - Kiko Milano Full Coverage Blurring Powder Foundation Kiko Milano Full Coverage Blurring Powder Foundation 20 Ivory,Kiko Milano Full Coverage Blurring Powder Foundation Kiko Milano Full Coverage Blurring Powder Foundation 20 Ivory,KIKO MILANO
9-4896004117 - Kiko Milano 3D Hydra Lipgloss - Limited Edition 42 Charming Copper,Kiko Milano 3D Hydra Lipgloss - Limited Edition 42 Charming Copper,9-4896004057 - Kiko Milano High Pigment Eyeshadow 40 Metallic Ballerina Rose,Kiko Milano High Pigment Eyeshadow 40 Metallic Ballerina Rose,KIKO MILANO
9-4896002367 - Kiko Milano Long Lasting Colour Lip Marker 105 True Red,Kiko Milano Long Lasting Colour Lip Marker 105 True Red,9-4896003805 - Kiko Milano Pure Clean Toner 200 ml,Kiko Milano Pure Clean Toner 200 ml,KIKO MILANO
9-4896002367 - Kiko Milano Long Lasting Colour Lip Marker 105 True Red,Kiko Milano Long Lasting Colour Lip Marker 105 True Red,9-4896003454 - Kiko Milano Full Coverage Blurring Powder Foundation Kiko Milano Full Coverage Blurring Powder Foundation 20 Ivory,Kiko Milano Full Coverage Blurring Powder Foundation Kiko Milano Full Coverage Blurring Powder Foundation 20 Ivory,KIKO MILANO
9-4896002367 - Kiko Milano Long Lasting Colour Lip Marker 105 True Red,Kiko Milano Long Lasting Colour Lip Marker 105 True Red,9-4896004057 - Kiko Milano High Pigment Eyeshadow 40 Metallic Ballerina Rose,Kiko Milano High Pigment Eyeshadow 40 Metallic Ballerina Rose,KIKO MILANO
1084784 - Shiseido UV Protective Compact Foundation SPF30 12 gr Medium Ivory,Shiseido UV Protective Compact Foundation SPF30 12 gr Medium Ivory,1054594 - Shiseido Synchro Skin Self Refreshing Cushion Compact Shiseido Synchro Skin Self Refreshing Cushion Compact 230 Alder 13 gr,Shiseido Synchro Skin Self Refreshing Cushion Compact Shiseido Synchro Skin Self Refreshing Cushion Compact 230 Alder 13 gr,SHISEIDO
1084784 - Shiseido UV Protective Compact Foundation SPF30 12 gr Medium Ivory,Shiseido UV Protective Compact Foundation SPF30 12 gr Medium Ivory,1083908 - Shiseido Benefiance Eyecare Set,Shiseido Benefiance Eyecare Set,SHISEIDO
1084784 - Shiseido UV Protective Compact Foundation SPF30 12 gr Medium Ivory,Shiseido UV Protective Compact Foundation SPF30 12 gr Medium Ivory,1059574 - Shiseido Essential Energy Hydrating Day Cream Spf20 50 ml,Shiseido Essential Energy Hydrating Day Cream Spf20 50 ml,SHISEIDO
1049600 - Bvlgari Splendida Jasmin Noir EdP Bvlgari Splendida Jasmin Noir EdP 100 ml,Bvlgari Splendida Jasmin Noir EdP Bvlgari Splendida Jasmin Noir EdP 100 ml,1053480 - Bvlgari Rose Goldea Blossom Delight Eau de Parfum Bvlgari Rose Goldea Blossom Delight Eau de Parfum 75 ml,Bvlgari Rose Goldea Blossom Delight Eau de Parfum Bvlgari Rose Goldea Blossom Delight Eau de Parfum 75 ml,BULGARI PARFUMS
1049600 - Bvlgari Splendida Jasmin Noir EdP Bvlgari Splendida Jasmin Noir EdP 100 ml,Bvlgari Splendida Jasmin Noir EdP Bvlgari Splendida Jasmin Noir EdP 100 ml,1082635 - Bvlgari Omnia Crystalline Eau de Toilette Bvlgari Omnia Crystalline Eau de Toilette 30 ml,Bvlgari Omnia Crystalline Eau de Toilette Bvlgari Omnia Crystalline Eau de Toilette 30 ml,BULGARI PARFUMS
1049600 - Bvlgari Splendida Jasmin Noir EdP Bvlgari Splendida Jasmin Noir EdP 100 ml,Bvlgari Splendida Jasmin Noir EdP Bvlgari Splendida Jasmin Noir EdP 100 ml,1082942 - Bvlgari Man Glacial Essence Set,Bvlgari Man Glacial Essence Set,BULGARI PARFUMS
9-4896001466 - Kiko Milano 3D Hydra Lipgloss 03 Pearly Apricot,Kiko Milano 3D Hydra Lipgloss 03 Pearly Apricot,9-4896003805 - Kiko Milano Pure Clean Toner 200 ml,Kiko Milano Pure Clean Toner 200 ml,KIKO MILANO
9-4896001466 - Kiko Milano 3D Hydra Lipgloss 03 Pearly Apricot,Kiko Milano 3D Hydra Lipgloss 03 Pearly Apricot,9-4896003454 - Kiko Milano Full Coverage Blurring Powder Foundation Kiko Milano Full Coverage Blurring Powder Foundation 20 Ivory,Kiko Milano Full Coverage Blurring Powder Foundation Kiko Milano Full Coverage Blurring Powder Foundation 20 Ivory,KIKO MILANO
9-4896001466 - Kiko Milano 3D Hydra Lipgloss 03 Pearly Apricot,Kiko Milano 3D Hydra Lipgloss 03 Pearly Apricot,9-4896004057 - Kiko Milano High Pigment Eyeshadow 40 Metallic Ballerina Rose,Kiko Milano High Pigment Eyeshadow 40 Metallic Ballerina Rose,KIKO MILANO
1054061 - Uv Protective Compact Foundation (SPF30) Medium Ochre,Uv Protective Compact Foundation (SPF30) Medium Ochre,1053922 - Bio-Performance Advanced Super Revitalizing Cream Shiseido Bio-Performance Advanced Super Revitalizing Cream 50 ml,Bio-Performance Advanced Super Revitalizing Cream Shiseido Bio-Performance Advanced Super Revitalizing Cream 50 ml,SHISEIDO SKINCARE
1054061 - Uv Protective Compact Foundation (SPF30) Medium Ochre,Uv Protective Compact Foundation (SPF30) Medium Ochre,1054063 - Uv Protective Compact Foundation (SPF30) Shiseido Uv Protective Compact Foundation  (SPF30) Dark Ivory  Sp70 12 gr,Uv Protective Compact Foundation (SPF30) Shiseido Uv Protective Compact Foundation  (SPF30) Dark Ivory  Sp70 12 gr,SHISEIDO SKINCARE
1054061 - Uv Protective Compact Foundation (SPF30) Medium Ochre,Uv Protective Compact Foundation (SPF30) Medium Ochre,1054060 - Uv Protective Compact Foundation (SPF30) Shiseido Uv Protective Compact Foundation (SPF30) Medium Ivory Sp50 12 gr,Uv Protective Compact Foundation (SPF30) Shiseido Uv Protective Compact Foundation (SPF30) Medium Ivory Sp50 12 gr,SHISEIDO SKINCARE
1084121 - Yves Rocher Body & Hair Mist Monoï 125 ml,Yves Rocher Body & Hair Mist Monoï 125 ml,1051046 - Yves Rocher Relaxing Bath and Shower Gel Cotton Flower Mimosa Yves Rocher Relaxing Bath and Shower Gel Cotton Flower Mimosa 400 ml ,Yves Rocher Relaxing Bath and Shower Gel Cotton Flower Mimosa Yves Rocher Relaxing Bath and Shower Gel Cotton Flower Mimosa 400 ml ,YVES ROCHER
1084121 - Yves Rocher Body & Hair Mist Monoï 125 ml,Yves Rocher Body & Hair Mist Monoï 125 ml,1048780 - Yves Rocher Sensual Shower Gel Tiaré Flower Ylang Ylang 400 ml ,Yves Rocher Sensual Shower Gel Tiaré Flower Ylang Ylang 400 ml ,YVES ROCHER
1084121 - Yves Rocher Body & Hair Mist Monoï 125 ml,Yves Rocher Body & Hair Mist Monoï 125 ml,1082937 - Yves Rocher Frozen Lychee Bath & Shower Gel 400 ml,Yves Rocher Frozen Lychee Bath & Shower Gel 400 ml,YVES ROCHER
